Date,TotalCheckouts,Average
2006-01-01,2,48
2006-01-02,14575,44
2006-01-03,17380,40
2006-01-04,15407,45
2006-01-05,14384,48
2006-01-06,18924,51
2006-01-07,14307,46
2006-01-08,7171,42
2006-01-09,17970,48
2006-01-10,17239,49
2006-01-11,22924,46
2006-01-12,16694,44
2006-01-13,18350,47
2006-01-14,8742,40
2006-01-15,14,40
2006-01-18,1843,44
2006-01-24,19335,46
2006-01-25,21443,41
2006-01-26,17920,44
2006-01-27,21231,42
2006-01-28,23769,42
2006-01-29,6774,42
2006-01-30,19725,48
2006-01-31,17496,44
2006-02-01,23416,48
2006-02-02,17944,46
2006-02-03,21454,48
2006-02-04,19948,46
2006-02-05,5417,41
2006-02-06,16519,45
2006-02-07,18089,46
2006-02-08,22061,46
2006-02-09,17057,44
2006-02-10,17620,46
2006-02-11,19699,44
2006-02-12,6167,45
2006-02-13,17265,42
2006-02-14,17104,39
2006-02-15,21628,36
2006-02-16,17707,36
2006-02-17,19790,32
2006-02-18,21644,32
2006-02-19,6964,34
2006-02-20,13,32
2006-02-21,22152,42
2006-02-22,21550,44
2006-02-23,18835,40
2006-02-24,19628,36
2006-02-25,14352,40
2006-02-27,14251,47
2006-02-28,17877,42
2006-03-01,21504,48
2006-03-02,20163,48
2006-03-03,19040,44
2006-03-04,20241,48
2006-03-05,8797,50
2006-03-06,18990,50
2006-03-07,18705,47
2006-03-08,21077,40
2006-03-09,21249,39
2006-03-10,17760,40
2006-03-11,22464,40
2006-03-12,7767,40
2006-03-13,15594,43
2006-03-14,16795,46
2006-03-15,22138,44
2006-03-16,20316,44
2006-03-17,20381,42
2006-03-18,20681,44
2006-03-19,8258,42
2006-03-20,18744,47
2006-03-21,19371,48
2006-03-22,21248,50
2006-03-23,20448,55
2006-03-24,19173,49
2006-03-25,19746,44
2006-03-26,9480,46
2006-03-27,18335,50
2006-03-28,18784,52
2006-03-29,21671,50
2006-03-30,20627,50
2006-03-31,18942,52
2006-04-01,20891,48
2006-04-02,7729,50
2006-04-03,16980,50
2006-04-04,17369,48
2006-04-05,11812,52
2006-04-06,8304,48
2006-04-07,17843,52
2006-04-08,20914,50
2006-04-09,9182,50
2006-04-10,18059,52
2006-04-11,18297,51
2006-04-12,21689,52
2006-04-13,21245,48
2006-04-14,19124,44
2006-04-15,19150,46
2006-04-16,1,46
2006-04-17,6913,47
2006-04-20,9040,54
2006-04-21,19208,48
2006-04-22,19491,48
2006-04-23,7543,58
2006-04-24,19401,58
2006-04-25,16545,56
2006-04-26,23338,50
2006-04-27,20329,58
2006-04-28,17175,62
2006-04-29,21092,47
2006-04-30,9728,46
2006-05-02,14975,50
2006-05-03,21367,56
2006-05-04,19860,60
2006-05-05,17186,60
2006-05-06,21160,52
2006-05-07,9194,52
2006-05-08,20891,50
2006-05-09,18987,52
2006-05-20,5415,60
2006-05-21,8692,59
2006-05-22,21412,58
2006-05-23,20255,56
2006-05-24,23211,58
2006-05-25,22156,54
2006-05-26,20950,55
2006-05-27,21675,54
2006-05-28,10069,55
2006-05-29,22,58
2006-05-30,21630,60
2006-05-31,21914,64
2006-06-01,22465,63
2006-06-02,19276,60
2006-06-03,20095,62
2006-06-04,9949,60
2006-06-05,19530,62
2006-06-06,19269,62
2006-06-07,22353,62
2006-06-08,22462,58
2006-06-09,19262,57
2006-06-10,20306,60
2006-06-11,8160,64
2006-06-12,20296,65
2006-06-13,20664,62
2006-06-14,23968,60
2006-06-15,22228,62
2006-06-16,20019,62
2006-06-17,18247,62
2006-06-18,8165,59
2006-06-19,19314,60
2006-06-20,20336,61
2006-06-21,23769,60
2006-06-22,23749,62
2006-06-23,19531,64
2006-06-24,16843,68
2006-06-25,7690,74
2006-06-26,18893,78
2006-06-27,20997,73
2006-06-28,24720,64
2006-06-29,23397,68
2006-06-30,19085,72
2006-07-01,17747,68
2006-07-02,7698,68
2006-07-03,20106,66
2006-07-04,11,66
2006-07-05,28862,59
2006-07-06,25070,60
2006-07-07,20546,65
2006-07-08,18492,70
2006-07-09,8353,72
2006-07-10,22645,62
2006-07-11,21355,63
2006-07-12,27456,64
2006-07-13,24253,62
2006-07-14,19080,68
2006-07-15,22000,66
2006-07-16,9441,66
2006-07-17,24809,62
2006-07-18,21271,64
2006-07-19,25219,66
2006-07-20,23702,71
2006-07-21,19408,78
2006-07-22,19082,81
2006-07-23,8293,80
2006-07-24,21145,80
2006-07-25,22070,68
2006-07-26,15006,72
2006-07-27,23751,71
2006-07-28,18714,63
2006-07-29,19983,60
2006-07-30,9679,63
2006-07-31,21970,66
2006-08-01,20537,65
2006-08-02,25456,66
2006-08-03,22454,66
2006-08-04,19698,65
2006-08-05,18460,68
2006-08-06,8454,72
2006-08-07,21701,70
2006-08-08,20971,64
2006-08-09,24776,66
2006-08-10,23978,64
2006-08-11,21256,62
2006-08-12,19375,63
2006-08-13,8150,66
2006-08-14,21390,70
2006-08-15,22004,62
2006-08-16,25558,64
2006-08-17,24125,63
2006-08-18,18851,66
2006-08-19,18376,68
2006-08-20,8321,70
2006-08-21,21220,66
2006-08-22,23403,62
2006-08-23,26462,60
2006-08-24,25330,62
2006-08-25,19419,66
2006-08-26,19221,70
2006-08-27,8375,72
2006-08-28,21640,70
2006-08-29,23491,60
2006-08-30,25210,62
2006-08-31,24153,62
2006-09-01,18860,70
2006-09-02,18796,70
2006-09-03,8758,69
2006-09-04,4,68
2006-09-05,24930,66
2006-09-06,23239,68
2006-09-07,22705,62
2006-09-08,1514,61
2006-09-12,11998,65
2006-09-13,26052,58
2006-09-14,23903,56
2006-09-15,20736,56
2006-09-16,22014,58
2006-09-17,10132,58
2006-09-18,21285,62
2006-09-19,20166,56
2006-09-20,23403,55
2006-09-21,23022,54
2006-09-22,20134,56
2006-09-23,21850,59
2006-09-24,9674,62
2006-09-25,18918,64
2006-09-26,20506,64
2006-09-27,24087,66
2006-09-28,21336,66
2006-09-29,18300,64
2006-09-30,22622,57
2006-10-01,9945,58
2006-10-02,19900,54
2006-10-03,19962,54
2006-10-04,23420,58
2006-10-05,21333,60
2006-10-06,20526,55
2006-10-07,13416,52
2006-10-08,9700,54
2006-10-09,18873,56
2006-10-10,20483,53
2006-10-11,22841,55
2006-10-12,20655,57
2006-10-13,20402,54
2006-10-14,23644,50
2006-10-15,10758,52
2006-10-16,20057,51
2006-10-17,20509,55
2006-10-18,22844,52
2006-10-19,22068,56
2006-10-20,20466,50
2006-10-21,21919,53
2006-10-22,10042,52
2006-10-23,19487,48
2006-10-24,19740,49
2006-10-25,23720,47
2006-10-26,22484,52
2006-10-27,18965,55
2006-10-28,21833,50
2006-10-29,11536,46
2006-10-30,18952,38
2006-10-31,14368,39
2006-11-01,25406,42
2006-11-02,25,46
2006-11-03,27810,54
2006-11-04,26065,56
2006-11-05,12370,55
2006-11-06,17831,60
2006-11-07,19669,54
2006-11-08,23171,49
2006-11-09,22023,48
2006-11-10,18028,46
2006-11-11,25,46
2006-11-12,16552,46
2006-11-13,24384,44
2006-11-14,23098,43
2006-11-15,22968,50
2006-11-16,25166,46
2006-11-17,20886,46
2006-11-18,23938,46
2006-11-19,12093,49
2006-11-20,19618,48
2006-11-21,21177,46
2006-11-22,27429,44
2006-11-23,2,42
2006-11-24,19632,42
2006-11-25,19637,40
2006-11-26,9569,37
2006-11-27,18327,34
2006-11-28,16327,26
2006-11-29,23910,26
2006-11-30,23260,43
2006-12-01,19558,38
2006-12-02,21871,38
2006-12-03,10808,40
2006-12-04,18170,42
2006-12-05,17317,45
2006-12-06,21767,42
2006-12-07,20702,46
2006-12-08,16227,45
2006-12-09,20709,44
2006-12-10,9346,45
2006-12-11,17300,49
2006-12-12,18177,46
2006-12-13,20927,48
2006-12-14,15314,48
2006-12-15,9013,42
2006-12-17,10271,34
2006-12-18,15690,33
2006-12-19,18659,40
2006-12-20,20798,41
2006-12-21,20267,45
2006-12-22,19031,42
2006-12-23,18626,40
2006-12-24,2,40
2006-12-26,14066,40
2006-12-27,21684,38
2006-12-28,20631,35
2006-12-29,18514,36
2006-12-30,18910,36
2006-12-31,7674,41
2007-01-01,12,42
2007-01-02,16119,52
2007-01-03,18495,44
2007-01-04,18880,38
2007-01-05,13150,38
2007-01-06,14932,40
2007-01-07,372,46
2007-01-08,14246,46
2007-01-09,12008,44
2007-01-10,12508,34
2007-01-11,13208,30
2007-01-12,13899,25
2007-01-13,10961,26
2007-01-14,6806,26
2007-01-15,29,28
2007-01-16,4529,32
2007-01-17,10942,36
2007-01-18,10345,40
2007-01-19,7902,42
2007-01-20,4730,42
2007-01-21,1551,41
2007-01-22,5367,46
2007-01-23,3567,48
2007-01-24,2803,44
2007-01-25,1763,40
2007-01-26,229,42
2007-02-13,16258,47
2007-02-14,19543,45
2007-02-15,21783,52
2007-02-16,19681,49
2007-02-17,21390,52
2007-02-18,11979,45
2007-02-19,8,45
2007-02-20,23996,41
2007-02-21,23015,44
2007-02-22,22838,42
2007-02-23,20193,40
2007-02-24,22928,41
2007-02-25,10216,42
2007-02-26,18691,41
2007-02-27,18991,38
2007-02-28,21983,38
2007-03-01,22655,37
2007-03-02,19696,39
2007-03-03,23416,48
2007-03-04,11282,50
2007-03-05,18034,53
2007-03-06,18879,54
2007-03-07,24247,50
2007-03-08,21343,46
2007-03-09,20998,48
2007-03-10,27603,52
2007-03-11,10301,56
2007-03-12,21690,49
2007-03-13,20843,42
2007-03-14,23824,44
2007-03-15,22905,41
2007-03-16,20096,56
2007-03-17,23142,50
2007-03-18,10642,56
2007-03-19,20190,50
2007-03-20,20746,42
2007-03-21,24229,40
2007-03-22,23203,48
2007-03-23,20434,50
2007-03-24,24319,50
2007-03-25,10847,49
2007-03-28,23754,44
2007-03-29,20331,50
2007-03-30,18571,50
2007-03-31,23333,46
2007-04-01,10824,42
2007-04-02,19124,42
2007-04-03,19050,44
2007-04-04,23379,53
2007-04-05,20095,58
2007-04-06,17447,62
2007-04-07,23474,58
2007-04-08,26,52
2007-04-09,25620,48
2007-04-10,22064,48
2007-04-11,24089,52
2007-04-12,23572,48
2007-04-13,21630,49
2007-04-14,22481,50
2007-04-15,9700,48
2007-04-16,20439,49
2007-04-17,19494,48
2007-04-18,23416,48
2007-04-19,22267,46
2007-04-20,19315,48
2007-04-21,21454,50
2007-04-22,9977,54
2007-04-23,16932,54
2007-04-24,20408,54
2007-04-25,24188,50
2007-04-26,22058,54
2007-04-27,19458,56
2007-04-28,20601,54
2007-04-29,10295,53
2007-04-30,19423,53
2007-05-01,20625,50
2007-05-02,22895,50
2007-05-03,22294,48
2007-05-04,19331,50
2007-05-05,20714,50
2007-05-06,10647,52
2007-05-07,18808,62
2007-05-08,15890,62
2007-05-10,14365,56
2007-05-11,18000,54
2007-05-12,20377,54
2007-05-13,9616,50
2007-05-14,20024,54
2007-05-15,17959,66
2007-05-16,25121,54
2007-05-17,21887,56
2007-05-18,19376,59
2007-05-19,21112,56
2007-05-20,10286,50
2007-05-21,20939,52
2007-05-22,19943,55
2007-05-23,23776,57
2007-05-24,16422,60
2007-05-25,19288,62
2007-05-26,20221,58
2007-05-27,11100,52
2007-05-28,3,55
2007-05-29,21863,63
2007-05-30,3599,70
2007-05-31,157,68
2007-06-03,1305,72
2007-06-07,15760,56
2007-06-08,18227,58
2007-06-09,22933,58
2007-06-10,10592,58
2007-06-11,20592,56
2007-06-12,20316,58
2007-06-13,24230,58
2007-06-14,22785,58
2007-06-15,19114,59
2007-06-16,20229,58
2007-06-17,10479,56
2007-06-18,22260,56
2007-06-19,20381,62
2007-06-20,22798,66
2007-06-21,22620,64
2007-06-22,19633,60
2007-06-23,20057,60
2007-06-24,11124,56
2007-06-25,22639,58
2007-06-26,20899,65
2007-06-27,25624,64
2007-06-28,27422,64
2007-06-29,21969,60
2007-06-30,19801,62
2007-07-01,9674,65
2007-07-02,21605,68
2007-07-03,23390,70
2007-07-04,12,70
2007-07-05,27688,69
2007-07-06,20476,68
2007-07-07,20190,68
2007-07-08,10381,64
2007-07-09,22929,68
2007-07-10,19995,76
2007-07-11,22255,82
2007-07-12,25204,70
2007-07-13,20865,68
2007-07-14,20323,70
2007-07-15,10256,72
2007-07-16,22754,72
2007-07-17,23346,66
2007-07-18,26931,64
2007-07-19,25416,66
2007-07-20,20229,63
2007-07-21,20385,66
2007-07-22,11467,68
2007-07-23,22725,65
2007-07-24,21142,64
2007-07-25,21722,65
2007-07-26,23842,62
2007-07-27,19635,67
2007-07-28,18030,68
2007-07-29,10159,64
2007-07-30,21834,64
2007-07-31,19968,66
2007-08-01,22837,70
2007-08-02,22468,70
2007-08-03,20866,64
2007-08-04,19089,65
2007-08-05,9165,66
2007-08-06,21713,62
2007-08-07,22787,64
2007-08-08,25129,66
2007-08-09,23375,62
2007-08-10,19144,66
2007-08-11,18325,63
2007-08-12,10154,63
2007-08-13,20978,65
2007-08-14,20193,68
2007-08-15,22786,70
2007-08-16,24491,66
2007-08-17,20171,65
2007-08-18,18593,65
2007-08-19,10679,60
2007-08-20,22996,62
2007-08-21,22520,68
2007-08-22,26157,66
2007-08-23,23031,68
2007-08-24,19448,68
2007-08-25,22399,66
2007-08-26,10514,62
2007-08-27,22126,62
2007-08-28,20905,64
2007-08-29,23671,69
2007-08-30,23504,70
2007-08-31,14174,62
2007-09-01,18070,64
2007-09-02,9392,66
2007-09-03,16,68
2007-09-04,27102,64
2007-09-05,23888,67
2007-09-06,22472,66
2007-09-07,18638,62
2007-09-08,21668,62
2007-09-09,10238,66
2007-09-10,20708,70
2007-09-11,21570,68
2007-09-12,24510,64
2007-09-13,24424,62
2007-09-14,21324,62
2007-09-15,23685,60
2007-09-16,11704,58
2007-09-17,22232,57
2007-09-18,21193,56
2007-09-19,25494,58
2007-09-20,21070,54
2007-09-21,18995,59
2007-09-22,21817,58
2007-09-23,10951,55
2007-09-24,19872,55
2007-09-25,20393,54
2007-09-26,24389,56
2007-09-27,21977,57
2007-09-28,19312,52
2007-09-29,21781,52
2007-09-30,10955,52
2007-10-01,21147,56
2007-10-02,20588,54
2007-10-03,24367,51
2007-10-04,21392,52
2007-10-05,17755,50
2007-10-06,22936,50
2007-10-07,11107,58
2007-10-08,19137,50
2007-10-09,19627,58
2007-10-10,26338,56
2007-10-11,22589,51
2007-10-12,21560,55
2007-10-13,21365,53
2007-10-14,9769,56
2007-10-15,17815,60
2007-10-16,16500,50
2007-10-17,16860,49
2007-10-18,13850,54
2007-10-19,7945,50
2007-10-20,3880,48
2007-10-21,1086,52
2007-10-28,10571,48
2007-10-29,17962,50
2007-11-01,23043,46
2007-11-02,22421,40
2007-11-03,25334,52
2007-11-04,11896,50
2007-11-05,20072,48
2007-11-06,20628,46
2007-11-07,23876,52
2007-11-08,23842,54
2007-11-09,21570,53
2007-11-10,25260,49
2007-11-11,16,48
2007-11-12,17335,48
2007-11-13,25648,45
2007-11-14,27108,46
2007-11-15,16499,52
2007-11-16,22540,51
2007-11-17,26348,49
2007-11-18,12441,42
2007-11-19,22673,44
2007-11-20,22690,42
2007-11-21,31309,42
2007-11-22,11,39
2007-11-23,20195,36
2007-11-24,20545,38
2007-11-25,11415,39
2007-11-26,16069,37
2007-11-27,22428,42
2007-11-28,25381,40
2007-11-29,25133,39
2007-11-30,20861,40
2007-12-01,20997,36
2007-12-02,8660,40
2007-12-03,17318,53
2007-12-04,22530,52
2007-12-05,25714,44
2007-12-06,22162,42
2007-12-07,20564,42
2007-12-08,26015,35
2007-12-09,11092,32
2007-12-10,20934,36
2007-12-11,20158,36
2007-12-12,24758,38
2007-12-13,22210,40
2007-12-14,20390,44
2007-12-15,22520,44
2007-12-16,10351,44
2007-12-17,19943,42
2007-12-18,18768,44
2007-12-19,24853,44
2007-12-20,24176,38
2007-12-21,22257,36
2007-12-22,21764,42
2007-12-23,10505,44
2007-12-24,2,40
2007-12-26,24605,39
2007-12-27,21953,37
2007-12-28,22642,40
2007-12-29,21385,40
2007-12-30,11547,38
2007-12-31,18261,38
2008-01-01,11,44
2008-01-02,31556,41
2008-01-03,26858,46
2008-01-04,23170,48
2008-01-05,27648,42
2008-01-06,14010,36
2008-01-07,22623,38
2008-01-08,21987,38
2008-01-09,26932,40
2008-01-10,25976,44
2008-01-11,24139,46
2008-01-12,27941,46
2008-01-13,14037,44
2008-01-14,19096,40
2008-01-15,21801,34
2008-01-16,28005,36
2008-01-17,25546,38
2008-01-18,23802,38
2008-01-19,27243,38
2008-01-20,14215,38
2008-01-21,4,32
2008-01-22,23910,32
2008-01-23,26608,34
2008-01-24,25382,37
2008-01-25,22764,32
2008-01-26,26050,32
2008-01-27,12959,34
2008-01-28,21941,36
2008-01-29,23134,38
2008-01-30,27877,39
2008-01-31,26779,40
2008-02-01,24061,40
2008-02-02,29143,39
2008-02-03,11322,36
2008-02-04,20686,37
2008-02-05,20837,42
2008-02-06,27964,40
2008-02-07,26047,44
2008-02-08,21489,44
2008-02-09,25845,50
2008-02-10,13023,47
2008-02-11,21192,48
2008-02-12,21816,46
2008-02-13,25657,40
2008-02-14,22833,39
2008-02-15,23087,42
2008-02-16,27036,44
2008-02-17,12729,42
2008-02-18,1,42
2008-02-19,26883,42
2008-02-20,27316,46
2008-02-21,26137,42
2008-02-22,22745,48
2008-02-23,23973,45
2008-02-24,12201,48
2008-02-25,18896,49
2008-02-26,23550,48
2008-02-27,27295,48
2008-02-28,27610,50
2008-02-29,22866,52
2008-03-01,29390,44
2008-03-02,12487,42
2008-03-03,22062,44
2008-03-04,22979,44
2008-03-05,27492,40
2008-03-06,25552,44
2008-03-07,23220,46
2008-03-08,27429,46
2008-03-09,12340,48
2008-03-10,22181,52
2008-03-11,23868,44
2008-03-12,27881,42
2008-03-13,25666,43
2008-03-14,23776,44
2008-03-15,26285,42
2008-03-16,12081,42
2008-03-17,21825,46
2008-03-18,19796,45
2008-03-19,27318,44
2008-03-20,26001,42
2008-03-21,23946,42
2008-03-22,24286,47
2008-03-24,25942,42
2008-03-25,25195,39
2008-03-26,28071,39
2008-03-27,26196,40
2008-03-28,22648,38
2008-03-29,27803,40
2008-03-30,12542,39
2008-03-31,23300,44
2008-04-01,25300,42
2008-04-02,27761,43
2008-04-03,25428,44
2008-04-04,23765,44
2008-04-05,26840,44
2008-04-06,7687,46
2008-04-07,9454,46
2008-04-08,9557,42
2008-04-09,7267,44
2008-04-10,3087,49
2008-04-11,15614,48
2008-04-12,20114,61
2008-04-13,13062,50
2008-04-14,23581,44
2008-04-15,24624,42
2008-04-16,28235,48
2008-04-17,26408,50
2008-04-18,23019,42
2008-04-19,26210,39
2008-04-20,13278,40
2008-04-21,23641,42
2008-04-22,23278,48
2008-04-23,29161,48
2008-04-24,27608,48
2008-04-25,21317,48
2008-04-26,22070,52
2008-04-27,11612,55
2008-04-28,24018,54
2008-04-29,23627,47
2008-04-30,27607,46
2008-05-01,23957,49
2008-05-02,21943,52
2008-05-03,25513,50
2008-05-04,10530,54
2008-05-05,20808,56
2008-05-06,23465,52
2008-05-07,28808,50
2008-05-08,25997,50
2008-05-09,21185,50
2008-05-10,24746,54
2008-05-11,11254,48
2008-05-12,23238,50
2008-05-13,25154,52
2008-05-14,29034,60
2008-05-15,23584,61
2008-05-16,18520,64
2008-05-17,19273,72
2008-05-18,10273,64
2008-05-19,24060,65
2008-05-20,25120,54
2008-05-21,29176,52
2008-05-22,26302,52
2008-05-23,24379,56
2008-05-24,20046,64
2008-05-25,10543,60
2008-05-26,10,60
2008-05-27,26944,61
2008-05-28,27719,58
2008-05-29,25525,54
2008-05-30,20888,56
2008-05-31,26390,55
2008-06-01,12655,54
2008-06-02,24629,56
2008-06-03,25468,55
2008-06-04,30268,52
2008-06-05,29000,52
2008-06-06,23571,52
2008-06-07,27085,52
2008-06-08,12272,52
2008-06-09,25037,50
2008-06-10,27155,52
2008-06-11,29609,52
2008-06-12,26478,56
2008-06-13,22458,54
2008-06-14,24797,56
2008-06-15,10474,60
2008-06-16,24682,61
2008-06-17,27943,55
2008-06-18,33986,56
2008-06-19,29448,60
2008-06-20,22668,67
2008-06-21,22799,67
2008-06-22,13173,60
2008-06-23,28569,58
2008-06-24,25051,60
2008-06-25,29024,63
2008-06-26,28688,58
2008-06-27,22891,65
2008-06-28,21241,72
2008-06-29,10242,76
2008-06-30,25699,72
2008-07-01,27672,65
2008-07-02,31890,68
2008-07-03,34204,64
2008-07-04,8,66
2008-07-05,26192,66
2008-07-06,12126,62
2008-07-07,27924,65
2008-07-08,26614,68
2008-07-09,30348,71
2008-07-10,28958,64
2008-07-11,22490,65
2008-07-12,24123,70
2008-07-13,11657,72
2008-07-14,29690,70
2008-07-15,28561,70
2008-07-16,33112,66
2008-07-17,31409,62
2008-07-18,23887,60
2008-07-19,23341,62
2008-07-20,11738,65
2008-07-21,29010,65
2008-07-22,28870,60
2008-07-23,31060,59
2008-07-24,28414,63
2008-07-25,23256,65
2008-07-26,23647,64
2008-07-27,13436,65
2008-07-28,27206,66
2008-07-29,29057,60
2008-07-30,31962,60
2008-07-31,27736,60
2008-08-01,24550,63
2008-08-02,24441,62
2008-08-03,10590,62
2008-08-04,27663,66
2008-08-05,24916,72
2008-08-06,30738,74
2008-08-07,29617,68
2008-08-08,24139,63
2008-08-09,25336,64
2008-08-10,11960,63
2008-08-11,27539,68
2008-08-12,25780,68
2008-08-13,29143,70
2008-08-14,26604,74
2008-08-15,22314,76
2008-08-16,22033,75
2008-08-17,11425,74
2008-08-18,29876,62
2008-08-19,27849,66
2008-08-20,29786,62
2008-08-21,29062,63
2008-08-22,23070,64
2008-08-23,22282,68
2008-08-24,12944,64
2008-08-25,27822,60
2008-08-26,27504,60
2008-08-27,31806,62
2008-08-28,28545,63
2008-08-29,24407,66
2008-08-30,25093,59
2008-08-31,12012,58
2008-09-01,11,56
2008-09-02,32273,58
2008-09-03,29349,60
2008-09-04,26572,62
2008-09-05,22594,64
2008-09-06,24439,64
2008-09-07,12870,67
2008-09-08,25966,67
2008-09-09,27660,65
2008-09-10,30889,62
2008-09-11,28414,64
2008-09-12,22847,63
2008-09-13,26708,62
2008-09-14,12424,63
2008-09-15,26313,66
2008-09-16,26546,66
2008-09-17,29335,64
2008-09-18,27586,58
2008-09-19,24204,58
2008-09-20,29046,57
2008-09-21,13974,58
2008-09-22,26340,57
2008-09-23,26444,52
2008-09-24,28756,56
2008-09-25,28100,57
2008-09-26,22774,60
2008-09-27,27198,58
2008-09-28,13036,58
2008-09-29,24447,62
2008-09-30,24778,61
2008-10-01,28344,64
2008-10-02,24944,63
2008-10-03,23257,58
2008-10-04,30208,58
2008-10-05,13671,57
2008-10-06,22811,56
2008-10-07,24452,56
2008-10-08,29864,50
2008-10-09,25813,47
2008-10-10,25800,50
2008-10-11,27773,46
2008-10-12,12567,50
2008-10-13,23955,56
2008-10-14,27341,49
2008-10-15,27330,44
2008-10-16,26249,52
2008-10-17,23069,58
2008-10-18,28398,52
2008-10-19,13344,46
2008-10-20,25485,50
2008-10-21,25673,47
2008-10-22,28273,50
2008-10-23,25995,50
2008-10-24,23478,45
2008-10-25,26923,50
2008-10-26,12248,49
2008-10-27,24606,52
2008-10-28,24710,50
2008-10-29,28086,54
2008-10-30,24159,50
2008-10-31,19421,54
2008-11-01,30079,54
2008-11-02,14918,52
2008-11-03,26076,51
2008-11-04,21601,46
2008-11-05,30458,44
2008-11-06,26614,52
2008-11-07,27150,58
2008-11-08,31238,58
2008-11-09,15387,54
2008-11-10,27438,52
2008-11-11,11,50
2008-11-12,30590,56
2008-11-13,26384,48
2008-11-14,18868,47
2008-11-15,13419,50
2008-11-16,8020,48
2008-11-17,10975,51
2008-11-18,8853,48
2008-11-19,7661,50
2008-11-20,5742,47
2008-11-21,25637,46
2008-11-22,31518,45
2008-11-23,14464,40
2008-11-24,26644,42
2008-11-25,26667,42
2008-11-26,37092,42
2008-11-27,8,41
2008-11-28,25043,48
2008-11-29,24998,54
2008-11-30,7455,52
2008-12-01,27194,52
2008-12-02,27624,48
2008-12-03,30960,44
2008-12-04,26976,44
2008-12-05,23078,42
2008-12-06,28063,44
2008-12-07,13437,47
2008-12-08,26662,43
2008-12-09,24605,44
2008-12-10,30142,47
2008-12-11,26716,42
2008-12-12,23734,40
2008-12-13,28769,36
2008-12-14,9634,26
2008-12-15,23095,26
2008-12-16,28631,24
2008-12-17,34859,34
2008-12-18,10323,30
2008-12-19,19598,24
2008-12-20,18531,22
2008-12-21,2981,29
2008-12-22,14085,30
2008-12-23,17363,32
2008-12-25,1,34
2008-12-26,22607,34
2008-12-27,29230,40
2008-12-28,14544,40
2008-12-29,32244,40
2008-12-30,29742,39
2008-12-31,29044,40
2009-01-01,2,42
2009-01-02,36372,36
2009-01-03,28590,37
2009-01-04,13996,34
2009-01-05,31392,40
2009-01-06,28145,48
2009-01-07,30347,52
2009-01-08,29602,45
2009-01-09,26633,40
2009-01-10,33715,43
2009-01-11,16332,46
2009-01-12,28546,48
2009-01-13,28011,45
2009-01-14,32129,42
2009-01-15,29183,38
2009-01-16,26266,36
2009-01-17,32410,37
2009-01-18,14480,38
2009-01-19,40,38
2009-01-20,29751,35
2009-01-21,33184,37
2009-01-22,30725,35
2009-01-23,26510,36
2009-01-24,31587,36
2009-01-25,15407,34
2009-01-26,27648,32
2009-01-27,25349,36
2009-01-28,31542,42
2009-01-29,29099,44
2009-01-30,25644,42
2009-01-31,32016,40
2009-02-01,13076,38
2009-02-02,25716,46
2009-02-03,26569,42
2009-02-04,31194,46
2009-02-05,26527,42
2009-02-06,24960,43
2009-02-07,31814,38
2009-02-08,15076,40
2009-02-09,26029,38
2009-02-10,25661,36
2009-02-11,32583,37
2009-02-12,28074,38
2009-02-13,26014,39
2009-02-14,30771,40
2009-02-15,15383,40
2009-02-16,7,41
2009-02-17,35812,44
2009-02-18,34322,42
2009-02-19,30404,44
2009-02-20,26477,40
2009-02-21,29781,43
2009-02-22,15209,48
2009-02-23,27172,49
2009-02-24,26128,46
2009-02-25,32437,40
2009-02-26,30227,34
2009-02-27,26960,40
2009-02-28,32458,42
2009-03-01,15562,48
2009-03-02,26844,52
2009-03-03,26257,49
2009-03-04,32278,44
2009-03-05,28304,41
2009-03-06,25486,37
2009-03-07,31675,38
2009-03-08,14561,36
2009-03-09,27395,36
2009-03-10,27898,34
2009-03-11,31418,36
2009-03-12,28510,40
2009-03-13,24637,42
2009-03-14,30372,42
2009-03-15,15552,40
2009-03-16,27169,40
2009-03-17,27089,42
2009-03-18,32480,46
2009-03-19,29273,48
2009-03-20,27602,48
2009-03-21,28812,42
2009-03-22,15337,44
2009-03-23,27834,41
2009-03-24,27747,44
2009-03-25,31435,42
2009-03-26,28994,42
2009-03-27,24905,47
2009-03-28,29860,40
2009-03-29,14205,42
2009-03-30,28919,44
2009-03-31,27839,44
2009-04-01,31650,40
2009-04-02,29585,42
2009-04-03,26729,44
2009-04-04,26524,44
2009-04-05,12076,54
2009-04-06,17309,56
2009-04-07,15814,54
2009-04-08,16382,48
2009-04-09,14442,50
2009-04-10,7714,49
2009-04-11,29493,49
2009-04-12,13,49
2009-04-13,31011,42
2009-04-14,29879,45
2009-04-15,32074,45
2009-04-16,26939,48
2009-04-17,24335,54
2009-04-18,27894,47
2009-04-19,12526,55
2009-04-20,25080,58
2009-04-21,25702,60
2009-04-22,32626,47
2009-04-23,30542,46
2009-04-24,23211,48
2009-04-25,26501,48
2009-04-26,12255,48
2009-04-27,27190,54
2009-04-28,26676,50
2009-04-29,30811,52
2009-04-30,25988,52
2009-05-01,20356,60
2009-05-02,28489,58
2009-05-03,13004,53
2009-05-04,26893,53
2009-05-05,28644,50
2009-05-06,31554,50
2009-05-07,29093,51
2009-05-08,22885,50
2009-05-09,24979,53
2009-05-10,11406,54
2009-05-11,29120,54
2009-05-12,27372,48
2009-05-13,30665,47
2009-05-14,29479,50
2009-05-15,23629,54
2009-05-16,23701,60
2009-05-17,11334,62
2009-05-18,28263,56
2009-05-19,28446,52
2009-05-20,33140,53
2009-05-21,27626,54
2009-05-22,24038,58
2009-05-23,23350,58
2009-05-24,11519,58
2009-05-25,8,58
2009-05-26,34224,58
2009-05-27,32254,57
2009-05-28,28294,62
2009-05-29,22694,69
2009-05-30,26289,64
2009-05-31,12850,64
2009-06-01,26564,66
2009-06-02,25562,73
2009-06-03,29626,74
2009-06-04,26469,74
2009-06-05,26413,62
2009-06-06,29739,59
2009-06-07,13363,62
2009-06-08,27619,63
2009-06-09,27132,66
2009-06-10,30536,67
2009-06-11,27741,66
2009-06-12,23851,67
2009-06-13,24810,65
2009-06-14,13469,60
2009-06-15,28201,65
2009-06-16,29050,65
2009-06-17,33443,65
2009-06-18,30106,66
2009-06-19,26549,62
2009-06-20,26396,60
2009-06-21,13790,59
2009-06-22,32584,60
2009-06-23,30580,62
2009-06-24,34952,66
2009-06-25,31681,62
2009-06-26,25385,62
2009-06-27,23558,66
2009-06-28,12206,63
2009-06-29,29900,63
2009-06-30,29240,63
2009-07-01,33895,65
2009-07-02,31962,70
2009-07-03,24456,73
2009-07-04,5,73
2009-07-05,13611,72
2009-07-06,35011,62
2009-07-07,31824,62
2009-07-08,34214,60
2009-07-09,30167,65
2009-07-10,23219,70
2009-07-11,22386,72
2009-07-12,14521,62
2009-07-13,30664,62
2009-07-14,29642,64
2009-07-15,32433,66
2009-07-16,29076,72
2009-07-17,23961,77
2009-07-18,23751,71
2009-07-19,12571,67
2009-07-20,30719,70
2009-07-21,28965,75
2009-07-22,34914,66
2009-07-23,32833,63
2009-07-24,25617,67
2009-07-25,22808,74
2009-07-26,12369,76
2009-07-27,28086,78
2009-07-28,26466,83
2009-07-29,27634,88
2009-07-30,27916,84
2009-07-31,27499,71
2009-08-01,24756,75
2009-08-02,12292,76
2009-08-03,31601,70
2009-08-04,28359,65
2009-08-05,33263,62
2009-08-06,29645,64
2009-08-07,24502,62
2009-08-08,26552,62
2009-08-09,13419,68
2009-08-10,29658,65
2009-08-11,30979,66
2009-08-12,33667,68
2009-08-13,30154,60
2009-08-14,25619,64
2009-08-15,25114,61
2009-08-16,12091,65
2009-08-17,28829,70
2009-08-18,27898,71
2009-08-19,30745,75
2009-08-20,29811,72
2009-08-21,26970,65
2009-08-22,24952,66
2009-08-23,12911,65
2009-08-24,29682,64
2009-08-25,31384,64
2009-08-26,34959,64
2009-08-27,30758,71
2009-08-28,27846,69
2009-08-29,33520,66
2009-08-30,19654,66
2009-09-08,33957,60
2009-09-09,29178,65
2009-09-10,26309,66
2009-09-11,21771,70
2009-09-12,24312,70
2009-09-13,11764,68
2009-09-14,29321,66
2009-09-15,27140,69
2009-09-16,28161,66
2009-09-17,27102,65
2009-09-18,23843,68
2009-09-19,27406,60
2009-09-20,12566,59
2009-09-21,26492,62
2009-09-22,26006,70
2009-09-23,30400,68
2009-09-24,28249,60
2009-09-25,24007,60
2009-09-26,25251,60
2009-09-27,12304,58
2009-09-28,26854,55
2009-09-29,25686,54
2009-09-30,32187,52
2009-10-01,26249,57
2009-10-02,23550,54
2009-10-03,27925,52
2009-10-04,12730,58
2009-10-05,26247,53
2009-10-06,24632,54
2009-10-07,29962,54
2009-10-08,26213,52
2009-10-09,26313,55
2009-10-10,27907,51
2009-10-11,13060,46
2009-10-12,24204,45
2009-10-13,28400,54
2009-10-14,31109,56
2009-10-15,27973,56
2009-10-16,22243,58
2009-10-17,28815,62
2009-10-18,13448,58
2009-10-19,26529,54
2009-10-20,25742,50
2009-10-21,30967,58
2009-10-22,27847,54
2009-10-23,23625,55
2009-10-24,26317,50
2009-10-25,13704,44
2009-10-26,25652,50
2009-10-27,26009,45
2009-10-28,30965,44
2009-10-29,26134,49
2009-10-30,22494,58
2009-10-31,24723,54
2009-11-01,14554,48
2009-11-02,25611,48
2009-11-03,26964,48
2009-11-04,29475,50
2009-11-05,26368,52
2009-11-06,25177,48
2009-11-07,29350,44
2009-11-08,14511,47
2009-11-09,26120,49
2009-11-10,27199,48
2009-11-12,37521,44
2009-11-13,26858,42
2009-11-14,29316,39
2009-11-15,14894,48
2009-11-16,24316,54
2009-11-17,27807,46
2009-11-18,31028,44
2009-11-19,28358,52
2009-11-20,26900,51
2009-11-21,30671,44
2009-11-22,15556,46
2009-11-23,28314,48
2009-11-24,30202,50
2009-11-25,35591,50
2009-11-27,22527,42
2009-11-28,24907,45
2009-11-29,14054,51
2009-11-30,27300,49
2009-12-01,27394,44
2009-12-02,28980,40
2009-12-03,25766,36
2009-12-04,23067,33
2009-12-05,27065,34
2009-12-06,12904,32
2009-12-07,23897,27
2009-12-08,24853,26
2009-12-09,28475,26
2009-12-10,25672,26
2009-12-11,22336,28
2009-12-12,26011,30
2009-12-14,23617,40
2009-12-15,23028,42
2009-12-16,27438,48
2009-12-17,26402,47
2009-12-18,23271,50
2009-12-19,26238,47
2009-12-20,12317,52
2009-12-21,27038,47
2009-12-22,25898,40
2009-12-23,32812,40
2009-12-26,24206,42
2009-12-27,11376,37
2009-12-28,27176,42
2009-12-29,28580,35
2009-12-30,33422,42
2009-12-31,25626,42
2010-01-01,1,50
2010-01-02,32293,46
2010-01-03,14463,44
2010-01-04,27280,46
2010-01-05,28889,47
2010-01-06,32861,46
2010-01-07,27368,44
2010-01-08,24156,44
2010-01-09,31411,50
2010-01-10,14816,50
2010-01-11,26579,50
2010-01-12,28400,50
2010-01-13,30838,50
2010-01-14,27292,48
2010-01-15,24968,48
2010-01-16,32070,41
2010-01-17,15372,48
2010-01-18,2,55
2010-01-19,31196,56
2010-01-20,29980,50
2010-01-21,27002,51
2010-01-22,23701,44
2010-01-23,29905,42
2010-01-24,14105,40
2010-01-25,28445,48
2010-01-26,27788,42
2010-01-27,31664,44
2010-01-28,31792,48
2010-01-29,27073,49
2010-01-30,31560,46
2010-01-31,15130,48
2010-02-01,26237,44
2010-02-02,27597,47
2010-02-03,30352,46
2010-02-04,26513,48
2010-02-05,17055,54
2010-02-06,33208,48
2010-02-07,11211,48
2010-02-08,30891,47
2010-02-09,30234,42
2010-02-10,27598,39
2010-02-11,25273,50
2010-02-12,17031,50
2010-02-13,32209,48
2010-02-14,11735,50
2010-02-16,38693,49
2010-02-17,30820,46
2010-02-18,27943,51
2010-02-19,16771,50
2010-02-20,30088,44
2010-02-21,11200,45
2010-02-22,29268,44
2010-02-23,29562,42
2010-02-24,28330,48
2010-02-25,28325,50
2010-02-26,16615,50
2010-02-27,34694,50
2010-02-28,11563,50
2010-03-01,29106,52
2010-03-02,29134,52
2010-03-03,29601,50
2010-03-04,26237,48
2010-03-05,16022,48
2010-03-06,29986,48
2010-03-07,12518,45
2010-03-08,31188,40
2010-03-09,29652,39
2010-03-10,28004,45
2010-03-11,26305,44
2010-03-12,18252,46
2010-03-13,32311,46
2010-03-14,11270,44
2010-03-15,31170,54
2010-03-16,29217,52
2010-03-17,27405,49
2010-03-18,25778,43
2010-03-19,16368,50
2010-03-20,27508,54
2010-03-21,12600,52
2010-03-22,32065,52
2010-03-23,27857,50
2010-03-24,26044,58
2010-03-25,25946,52
2010-03-26,16954,50
2010-03-27,30240,54
2010-03-28,12361,52
2010-03-29,32077,47
2010-03-30,30615,45
2010-03-31,27883,46
2010-04-01,26678,46
2010-04-02,16840,46
2010-04-03,30566,44
2010-04-04,7089,46
2010-04-05,31861,47
2010-04-06,31075,48
2010-04-07,28118,49
2010-04-08,25947,46
2010-04-09,16225,45
2010-04-10,29379,47
2010-04-11,11024,53
2010-04-12,31416,54
2010-04-13,28985,52
2010-04-14,25016,50
2010-04-15,25564,54
2010-04-16,14996,57
2010-04-17,30172,57
2010-04-18,10269,58
2010-04-19,30448,62
2010-04-20,29140,54
2010-04-21,27717,48
2010-04-22,26087,50
2010-04-23,16313,52
2010-04-24,30821,50
2010-04-25,10982,51
2010-04-26,30463,57
2010-04-27,28823,52
2010-04-28,26679,50
2010-04-29,24277,52
2010-04-30,14516,52
2010-05-01,28282,52
2010-05-02,11148,50
2010-05-03,29822,50
2010-05-04,28235,47
2010-05-05,26677,46
2010-05-06,24133,52
2010-05-07,14481,56
2010-05-08,25531,52
2010-05-09,8518,57
2010-05-10,33192,52
2010-05-11,27587,54
2010-05-12,25362,56
2010-05-13,23375,58
2010-05-14,14344,62
2010-05-15,25522,62
2010-05-16,11256,63
2010-05-17,32252,63
2010-05-18,30248,58
2010-05-19,26029,60
2010-05-20,27551,50
2010-05-21,16416,50
2010-05-22,29053,53
2010-05-23,12412,52
2010-05-24,30853,54
2010-05-25,27500,58
2010-05-26,26705,55
2010-05-27,27582,54
2010-05-28,17632,53
2010-05-29,31393,52
2010-05-30,11197,50
2010-06-01,34137,57
2010-06-02,29239,58
2010-06-03,25708,55
2010-06-04,16636,56
2010-06-05,28194,60
2010-06-06,12789,60
2010-06-07,31892,60
2010-06-08,27480,61
2010-06-09,27379,58
2010-06-10,26297,60
2010-06-11,16202,60
2010-06-12,25276,62
2010-06-13,10257,64
2010-06-14,31320,58
2010-06-15,30186,56
2010-06-16,29606,56
2010-06-17,23786,58
2010-06-18,15119,62
2010-06-19,27800,58
2010-06-20,11073,56
2010-06-21,32820,58
2010-06-22,28797,62
2010-06-23,30254,68
2010-06-24,27779,66
2010-06-25,18621,62
2010-06-26,25042,62
2010-06-27,10755,63
2010-06-28,33263,64
2010-06-29,30859,60
2010-06-30,28249,58
2010-07-01,31055,58
2010-07-02,18806,60
2010-07-03,27885,61
2010-07-04,3,60
2010-07-05,19435,60
2010-07-06,29952,66
2010-07-07,26598,75
2010-07-08,24666,78
2010-07-09,15339,78
2010-07-10,25044,73
2010-07-11,9567,66
2010-07-12,36921,62
2010-07-13,31052,62
2010-07-14,26698,68
2010-07-15,26797,70
2010-07-16,16881,62
2010-07-17,27227,62
2010-07-18,10553,60
2010-07-19,33483,62
2010-07-20,31201,64
2010-07-21,27328,67
2010-07-22,28275,62
2010-07-23,15700,66
2010-07-24,24827,70
2010-07-25,9410,72
2010-07-26,31842,72
2010-07-27,29222,68
2010-07-28,24454,65
2010-07-29,26859,64
2010-07-30,15014,66
2010-07-31,26013,62
2010-08-01,10614,64
2010-08-02,32190,65
2010-08-03,27789,67
2010-08-04,26348,70
2010-08-05,24606,75
2010-08-06,16735,62
2010-08-07,27813,62
2010-08-08,11136,64
2010-08-09,34131,63
2010-08-10,31167,64
2010-08-11,25907,68
2010-08-12,26155,65
2010-08-13,15386,73
2010-08-14,23979,78
2010-08-15,8849,80
2010-08-16,31009,75
2010-08-17,28682,75
2010-08-18,27868,65
2010-08-19,26937,64
2010-08-20,16586,62
2010-08-21,25629,63
2010-08-22,11607,63
2010-08-23,31460,64
2010-08-24,29214,68
2010-08-25,28631,71
2010-08-26,32874,62
2010-08-27,19980,62
2010-08-28,33849,62
2010-08-29,19469,59
2010-09-07,34703,62
2010-09-08,26004,60
2010-09-09,24207,60
2010-09-10,15799,60
2010-09-11,27225,62
2010-09-12,11713,64
2010-09-13,31741,64
2010-09-14,28755,64
2010-09-15,26506,64
2010-09-16,25866,63
2010-09-17,16957,62
2010-09-18,29756,67
2010-09-19,12370,65
2010-09-20,29757,62
2010-09-21,27599,58
2010-09-22,25259,60
2010-09-23,24574,57
2010-09-24,14925,62
2010-09-25,24511,64
2010-09-26,11822,64
2010-09-27,28748,70
2010-09-28,26960,64
2010-09-29,24961,58
2010-09-30,17918,62
2010-10-01,14576,60
2010-10-02,27027,62
2010-10-03,11123,58
2010-10-04,28334,56
2010-10-05,26199,54
2010-10-06,24674,58
2010-10-07,24878,58
2010-10-08,17165,62
2010-10-09,27891,60
2010-10-10,12162,59
2010-10-11,26523,54
2010-10-12,27046,54
2010-10-13,24505,57
2010-10-14,23144,54
2010-10-15,16670,52
2010-10-16,27935,50
2010-10-17,10536,48
2010-10-18,28704,50
2010-10-19,26284,52
2010-10-20,24792,54
2010-10-21,24261,53
2010-10-22,16361,56
2010-10-23,28616,56
2010-10-24,11507,50
2010-10-25,28215,50
2010-10-26,26234,47
2010-10-27,26060,55
2010-10-28,23744,56
2010-10-29,14366,52
2010-10-30,27646,44
2010-10-31,10112,52
2010-11-01,26660,54
2010-11-02,29606,57
2010-11-03,24254,58
2010-11-04,23365,57
2010-11-05,16369,54
2010-11-06,30538,52
2010-11-07,12935,52
2010-11-08,29590,47
2010-11-09,26370,44
2010-11-10,28268,46
2010-11-12,21134,46
2010-11-13,33680,47
2010-11-14,12140,51
2010-11-15,28707,54
2010-11-16,25169,50
2010-11-17,25242,47
2010-11-18,26068,44
2010-11-19,16991,44
2010-11-20,34049,40
2010-11-21,12715,36
2010-11-22,20585,29
2010-11-23,14803,22
2010-11-24,22594,22
2010-11-26,20185,42
2010-11-27,30919,38
2010-11-28,13281,39
2010-11-29,31372,40
2010-11-30,27208,44
2010-12-01,25997,45
2010-12-02,23616,42
2010-12-03,15877,44
2010-12-04,28759,42
2010-12-05,11867,42
2010-12-06,27606,42
2010-12-07,24945,50
2010-12-08,25157,50
2010-12-09,23510,48
2010-12-10,16142,47
2010-12-11,28849,44
2010-12-12,10902,54
2010-12-13,27198,52
2010-12-14,26866,44
2010-12-15,23932,44
2010-12-16,20522,44
2010-12-17,15516,45
2010-12-18,28433,41
2010-12-19,10494,42
2010-12-20,30430,40
2010-12-21,27969,46
2010-12-22,26719,46
2010-12-23,27826,44
2010-12-26,10212,42
2010-12-27,29495,42
2010-12-28,28086,46
2010-12-29,27330,38
2010-12-30,26635,34
2010-12-31,15600,29
2011-01-02,13881,34
2011-01-03,33565,34
2011-01-04,27592,34
2011-01-05,25900,42
2011-01-06,24368,48
2011-01-07,16952,46
2011-01-08,29933,38
2011-01-09,12382,37
2011-01-10,29385,36
2011-01-11,29587,36
2011-01-12,24172,42
2011-01-13,25719,50
2011-01-14,16512,53
2011-01-15,31247,44
2011-01-16,13927,55
2011-01-17,1,48
2011-01-18,35307,43
2011-01-19,29892,42
2011-01-20,27457,40
2011-01-21,17070,48
2011-01-22,33214,44
2011-01-23,12610,46
2011-01-24,29036,48
2011-01-25,28554,26
2011-01-26,25624,27
2011-01-27,25993,44
2011-01-28,17635,46
2011-01-29,31380,46
2011-01-30,13105,41
2011-01-31,29886,40
2011-02-01,27416,38
2011-02-02,26596,38
2011-02-03,24577,44
2011-02-04,15905,48
2011-02-05,32114,45
2011-02-06,11001,46
2011-02-07,29307,44
2011-02-08,28709,42
2011-02-09,25732,36
2011-02-10,24686,37
2011-02-11,15538,42
2011-02-12,30015,46
2011-02-13,12560,46
2011-02-14,25381,44
2011-02-15,28914,42
2011-02-16,26950,40
2011-02-17,26384,40
2011-02-18,16345,38
2011-02-19,31467,38
2011-02-20,12465,35
2011-02-21,12,39
2011-02-22,37867,38
2011-02-23,32811,34
2011-02-24,26808,32
2011-02-25,17816,28
2011-02-26,28395,26
2011-02-27,12053,38
2011-02-28,29930,38
2011-03-01,28010,38
2011-03-02,27023,42
2011-03-03,23769,41
2011-03-04,16343,40
2011-03-05,29715,44
2011-03-06,12219,42
2011-03-07,28690,42
2011-03-08,29213,46
2011-03-09,24808,48
2011-03-10,24750,48
2011-03-11,16956,46
2011-03-12,29249,46
2011-03-13,11883,48
2011-03-14,30584,50
2011-03-15,27502,50
2011-03-16,27004,44
2011-03-17,25447,44
2011-03-18,17365,44
2011-03-19,28009,44
2011-03-20,11220,44
2011-03-21,29960,47
2011-03-22,29526,43
2011-03-23,25066,50
2011-03-24,25485,52
2011-03-25,16098,47
2011-03-26,31044,44
2011-03-27,12752,46
2011-03-28,30482,46
2011-03-29,27812,47
2011-03-30,26520,51
2011-03-31,24876,52
2011-04-01,16366,45
2011-04-02,31142,46
2011-04-03,12796,44
2011-04-04,28619,45
2011-04-05,28976,44
2011-04-06,26397,42
2011-04-07,25930,41
2011-04-08,14382,44
2011-04-09,29328,48
2011-04-10,12885,50
2011-04-11,31409,47
2011-04-12,26620,45
2011-04-13,26162,44
2011-04-14,23773,42
2011-04-15,15974,46
2011-04-16,30884,48
2011-04-17,10816,44
2011-04-18,30259,45
2011-04-19,26156,45
2011-04-20,25945,46
2011-04-21,24102,46
2011-04-22,14806,47
2011-04-23,23709,54
2011-04-24,7252,50
2011-04-25,32966,48
2011-04-26,25481,48
2011-04-27,25480,45
2011-04-28,24355,45
2011-04-29,14635,47
2011-04-30,26971,50
2011-05-01,9379,50
2011-05-02,27649,50
2011-05-03,24448,51
2011-05-04,21332,52
2011-05-05,22611,52
2011-05-06,14793,50
2011-05-07,27770,52
2011-05-08,9789,52
2011-05-09,28276,54
2011-05-10,25292,54
2011-05-11,24416,49
2011-05-12,22260,50
2011-05-13,13732,52
2011-05-14,26046,57
2011-05-15,12220,51
2011-05-16,30055,52
2011-05-17,24902,50
2011-05-18,22897,56
2011-05-19,21572,54
2011-05-20,13402,58
2011-05-21,29371,52
2011-05-22,11030,54
2011-05-23,29976,55
2011-05-24,26659,56
2011-05-25,25432,54
2011-05-26,24598,52
2011-05-27,17273,54
2011-05-28,27275,54
2011-05-29,10016,56
2011-05-31,33931,56
2011-06-01,27534,54
2011-06-02,24900,56
2011-06-03,14091,59
2011-06-04,24396,63
2011-06-05,10505,64
2011-06-06,27801,62
2011-06-07,28181,56
2011-06-08,26307,57
2011-06-09,24274,59
2011-06-10,15830,59
2011-06-11,27863,59
2011-06-12,10712,58
2011-06-13,29554,60
2011-06-14,29393,58
2011-06-15,25804,54
2011-06-16,24332,55
2011-06-17,14559,60
2011-06-18,29259,55
2011-06-19,11137,58
2011-06-20,30033,62
2011-06-21,26082,66
2011-06-22,30106,60
2011-06-23,28959,57
2011-06-24,17964,58
2011-06-25,27027,58
2011-06-26,9187,60
2011-06-27,32732,64
2011-06-28,30224,66
2011-06-29,28509,60
2011-06-30,28195,60
2011-07-01,16818,60
2011-07-02,24720,66
2011-07-03,11089,63
2011-07-05,33589,66
2011-07-06,28378,70
2011-07-07,31219,60
2011-07-08,17187,60
2011-07-09,24336,62
2011-07-10,10311,64
2011-07-11,18502,65
2011-07-12,30612,64
2011-07-13,27282,63
2011-07-14,28032,60
2011-07-15,15464,64
2011-07-16,28082,65
2011-07-17,11325,60
2011-07-18,30387,62
2011-07-19,30478,62
2011-07-20,27605,64
2011-07-21,26387,64
2011-07-22,14298,62
2011-07-23,24442,65
2011-07-24,9548,70
2011-07-25,33150,62
2011-07-26,30766,64
2011-07-27,26401,65
2011-07-28,25307,66
2011-07-29,14687,68
2011-07-30,23402,68
2011-07-31,11594,66
2011-08-01,30260,64
2011-08-02,27450,66
2011-08-03,25607,68
2011-08-04,23654,70
2011-08-05,16959,62
2011-08-06,25075,66
2011-08-07,10415,68
2011-08-08,33388,62
2011-08-09,29914,62
2011-08-10,26584,62
2011-08-11,25126,64
2011-08-12,15626,65
2011-08-13,26005,62
2011-08-14,10809,64
2011-08-15,31764,66
2011-08-16,28183,64
2011-08-17,25190,65
2011-08-18,25210,64
2011-08-19,15166,65
2011-08-20,24632,70
2011-08-21,9851,72
2011-08-22,34867,66
2011-08-23,30161,69
2011-08-24,26728,70
2011-08-25,26316,72
2011-08-26,17474,72
2011-08-27,30275,70
2011-08-28,16627,68
2011-09-01,2,62
2011-09-06,27011,68
2011-09-07,23571,66
2011-09-08,22745,70
2011-09-09,14591,70
2011-09-10,22955,68
2011-09-11,10602,71
2011-09-12,25509,63
2011-09-13,25684,62
2011-09-14,25113,63
2011-09-15,22823,60
2011-09-16,15895,59
2011-09-17,23129,58
2011-09-18,12186,60
2011-09-19,25811,62
2011-09-20,25285,62
2011-09-21,23171,68
2011-09-22,22856,68
2011-09-23,15121,72
2011-09-24,22731,68
2011-09-25,11611,60
2011-09-26,24299,58
2011-09-27,24293,60
2011-09-28,23385,56
2011-09-29,21345,60
2011-09-30,15425,58
2011-10-01,21855,56
2011-10-02,10994,58
2011-10-03,23971,58
2011-10-04,23854,56
2011-10-05,23456,53
2011-10-06,17712,54
2011-10-07,17504,56
2011-10-08,22459,55
2011-10-09,12460,56
2011-10-10,23973,56
2011-10-11,26211,56
2011-10-12,23285,54
2011-10-13,22548,52
2011-10-14,16741,52
2011-10-15,22095,50
2011-10-16,11818,48
2011-10-17,23845,50
2011-10-18,22935,54
2011-10-19,22525,54
2011-10-20,22884,54
2011-10-21,16312,54
2011-10-22,22457,58
2011-10-23,11949,54
2011-10-24,25114,50
2011-10-25,23433,46
2011-10-26,23623,44
2011-10-27,21470,48
2011-10-28,14580,48
2011-10-29,21266,50
2011-10-30,11541,51
2011-10-31,20986,48
2011-11-01,23420,44
2011-11-02,22496,42
2011-11-03,21421,46
2011-11-04,17465,40
2011-11-05,23339,42
2011-11-06,12409,38
2011-11-07,23519,44
2011-11-08,23750,48
2011-11-09,22972,54
2011-11-10,24472,48
2011-11-12,21998,42
2011-11-13,12347,46
2011-11-14,24004,42
2011-11-15,24013,38
2011-11-16,22870,42
2011-11-17,22672,42
2011-11-18,16318,36
2011-11-19,22499,36
2011-11-20,12072,34
2011-11-21,25227,42
2011-11-22,25921,46
2011-11-23,26228,48
2011-11-25,14515,42
2011-11-26,20863,46
2011-11-27,11945,50
2011-11-28,24590,42
2011-11-29,24140,40
2011-11-30,24290,44
2011-12-01,21296,38
2011-12-02,15725,37
2011-12-03,21710,34
2011-12-04,12119,36
2011-12-05,23415,34
2011-12-06,23020,34
2011-12-07,22642,39
2011-12-08,22115,38
2011-12-09,14455,34
2011-12-10,20980,34
2011-12-11,10944,40
2011-12-12,23006,34
2011-12-13,23040,36
2011-12-14,22333,38
2011-12-15,20694,40
2011-12-16,14849,42
2011-12-17,21259,40
2011-12-18,10760,44
2011-12-19,25163,42
2011-12-20,23929,42
2011-12-21,23583,39
2011-12-22,23593,30
2011-12-23,17720,42
2011-12-26,19813,41
2011-12-27,23211,44
2011-12-28,22762,52
2011-12-29,23016,47
2011-12-30,17721,41
2011-12-31,20463,38
2012-01-02,19670,44
2012-01-03,23096,48
2012-01-04,21388,48
2012-01-05,23171,42
2012-01-06,17177,39
2012-01-07,22941,42
2012-01-08,12686,44
2012-01-09,23793,46
2012-01-10,23615,40
2012-01-11,23745,38
2012-01-12,24086,36
2012-01-13,17566,34
2012-01-14,21897,38
2012-01-15,8255,30
2012-01-17,27938,35
2012-01-18,7957,30
2012-01-20,13692,34
2012-01-21,21895,42
2012-01-22,12979,38
2012-01-23,24117,40
2012-01-24,25540,44
2012-01-25,23213,45
2012-01-26,24733,40
2012-01-27,16592,36
2012-01-28,22889,39
2012-01-29,11728,44
2012-01-30,11007,47
2012-01-31,24731,47
2012-02-01,24146,42
2012-02-02,23058,42
2012-02-03,15776,46
2012-02-04,21326,46
2012-02-05,10614,44
2012-02-06,24244,46
2012-02-07,23013,50
2012-02-08,21474,46
2012-02-09,21751,48
2012-02-10,16028,50
2012-02-11,21918,46
2012-02-12,12398,45
2012-02-13,23165,44
2012-02-14,21978,40
2012-02-15,23003,40
2012-02-16,22957,42
2012-02-17,15843,47
2012-02-18,22198,42
2012-02-19,12988,41
2012-02-21,25517,48
2012-02-22,24156,46
2012-02-23,23882,42
2012-02-24,16639,44
2012-02-25,20774,41
2012-02-26,11679,38
2012-02-27,23974,36
2012-02-28,23203,38
2012-02-29,22354,38
2012-03-01,23599,40
2012-03-02,16405,42
2012-03-03,21574,50
2012-03-04,11997,48
2012-03-05,23252,40
2012-03-06,23762,38
2012-03-07,23570,36
2012-03-08,22251,48
2012-03-09,16351,45
2012-03-10,21745,45
2012-03-11,10516,42
2012-03-12,24323,42
2012-03-13,23885,37
2012-03-14,21572,39
2012-03-15,22425,47
2012-03-16,17610,44
2012-03-17,22035,40
2012-03-18,12336,38
2012-03-19,24136,36
2012-03-20,23273,42
2012-03-21,22840,42
2012-03-22,22328,42
2012-03-23,15191,44
2012-03-24,21694,48
2012-03-25,11222,46
2012-03-26,24561,49
2012-03-27,21983,52
2012-03-28,22803,48
2012-03-29,22080,46
2012-03-30,16480,45
2012-03-31,22478,44
2012-04-01,12095,45
2012-04-02,23283,52
2012-04-03,24415,48
2012-04-04,24351,44
2012-04-05,23704,42
2012-04-06,16191,45
2012-04-07,21860,48
2012-04-08,5943,56
2012-04-09,24437,57
2012-04-10,23839,57
2012-04-11,22504,50
2012-04-12,22459,48
2012-04-13,14712,49
2012-04-14,22033,50
2012-04-15,10402,54
2012-04-16,25943,50
2012-04-17,24293,46
2012-04-18,24720,50
2012-04-19,24192,50
2012-04-20,15902,50
2012-04-21,19643,54
2012-04-22,9388,61
2012-04-23,24781,60
2012-04-24,24266,54
2012-04-25,22497,56
2012-04-26,22949,52
2012-04-27,14512,50
2012-04-28,22081,54
2012-04-29,11113,56
2012-04-30,24895,50
2012-05-01,23370,49
2012-05-02,22519,50
2012-05-03,22743,48
2012-05-04,15630,62
2012-05-05,22540,48
2012-05-06,9606,52
2012-05-07,23544,60
2012-05-08,23231,56
2012-05-09,21764,50
2012-05-10,21944,48
2012-05-11,13853,53
2012-05-12,21822,60
2012-05-13,7969,62
2012-05-14,23136,66
2012-05-15,23631,62
2012-05-16,22435,59
2012-05-17,22253,54
2012-05-18,14613,52
2012-05-19,23509,56
2012-05-20,12243,56
2012-05-21,25060,57
2012-05-22,23438,52
2012-05-23,23347,54
2012-05-24,22916,54
2012-05-25,15528,59
2012-05-26,22544,60
2012-05-27,11823,58
2012-05-29,26430,55
2012-05-30,22382,59
2012-05-31,22904,60
2012-06-01,15265,62
2012-06-02,22300,60
2012-06-03,11492,56
2012-06-04,24736,52
2012-06-05,23825,52
2012-06-06,15228,52
2012-06-07,14966,54
2012-06-08,10455,54
2012-06-09,7723,56
2012-06-10,9430,58
2012-06-11,24838,62
2012-06-12,24444,62
2012-06-13,23938,56
2012-06-14,24369,56
2012-06-15,13681,60
2012-06-16,22040,66
2012-06-17,10617,60
2012-06-18,26205,56
2012-06-19,24479,58
2012-06-20,23396,62
2012-06-21,24123,64
2012-06-22,17156,56
2012-06-23,30943,57
2012-06-24,10960,58
2012-06-25,34248,58
2012-06-26,28773,58
2012-06-27,23568,59
2012-06-28,25337,62
2012-06-29,18307,66
2012-06-30,29310,64
2012-07-01,11914,62
2012-07-02,33540,60
2012-07-03,30430,58
2012-07-05,27156,62
2012-07-06,15870,66
2012-07-07,25044,66
2012-07-08,10579,69
2012-07-09,33843,66
2012-07-10,26311,63
2012-07-11,23432,69
2012-07-12,24813,69
2012-07-13,17240,65
2012-07-14,26427,68
2012-07-15,11777,62
2012-07-16,31836,66
2012-07-17,27954,66
2012-07-18,26334,64
2012-07-19,23941,67
2012-07-20,16831,64
2012-07-21,25050,67
2012-07-22,11316,62
2012-07-23,32350,60
2012-07-24,24204,64
2012-07-25,21742,67
2012-07-26,23547,69
2012-07-27,17307,62
2012-07-28,24864,64
2012-07-29,9400,66
2012-07-30,30674,62
2012-07-31,24741,65
2012-08-01,22552,65
2012-08-02,22546,64
2012-08-03,13631,66
2012-08-04,20730,75
2012-08-05,8246,78
2012-08-06,29417,72
2012-08-07,24850,65
2012-08-08,25520,66
2012-08-09,22832,66
2012-08-10,15573,66
2012-08-11,23821,70
2012-08-12,9381,71
2012-08-13,30516,72
2012-08-14,24477,70
2012-08-15,23142,74
2012-08-16,23494,78
2012-08-17,15791,76
2012-08-18,27389,66
2012-08-19,10461,66
2012-08-20,32091,69
2012-08-21,26807,65
2012-08-22,25931,65
2012-08-23,26342,62
2012-08-24,17497,60
2012-08-25,29400,64
2012-08-26,18038,62
2012-09-04,30481,63
2012-09-05,21221,65
2012-09-06,20081,69
2012-09-07,14477,72
2012-09-08,27129,68
2012-09-09,12796,62
2012-09-10,31670,58
2012-09-11,25601,58
2012-09-12,23094,60
2012-09-13,2,65
2012-09-14,9210,64
2012-09-15,26543,62
2012-09-16,11338,62
2012-09-17,26777,66
2012-09-18,23657,68
2012-09-19,23305,62
2012-09-20,21137,60
2012-09-21,15037,60
2012-09-22,27888,60
2012-09-23,10853,57
2012-09-24,24941,59
2012-09-25,23692,60
2012-09-26,24468,58
2012-09-28,18247,64
2012-09-29,29340,60
2012-09-30,11587,57
2012-10-01,26244,60
2012-10-02,24256,58
2012-10-03,21554,55
2012-10-04,21938,56
2012-10-05,15659,58
2012-10-06,27812,58
2012-10-07,11213,58
2012-10-08,25819,56
2012-10-09,24865,54
2012-10-10,22622,52
2012-10-11,21365,52
2012-10-12,16950,52
2012-10-13,28829,58
2012-10-14,11145,60
2012-10-15,26001,58
2012-10-16,22660,56
2012-10-17,22082,50
2012-10-18,21289,55
2012-10-19,15319,54
2012-10-20,28234,47
2012-10-21,12416,46
2012-10-22,23703,42
2012-10-23,23679,47
2012-10-24,22819,48
2012-10-25,22021,48
2012-10-26,14470,48
2012-10-27,26630,52
2012-10-28,11369,55
2012-10-29,26221,56
2012-10-30,20506,57
2012-10-31,18367,56
2012-11-01,22944,56
2012-11-02,15818,56
2012-11-03,31394,56
2012-11-04,12673,60
2012-11-05,25724,52
2012-11-06,21468,50
2012-11-07,21996,48
2012-11-08,22366,43
2012-11-09,15774,40
2012-11-10,29102,38
2012-11-12,21829,49
2012-11-13,26653,49
2012-11-14,25068,48
2012-11-15,23477,42
2012-11-16,15290,40
2012-11-17,32543,48
2012-11-18,12721,47
2012-11-19,25853,52
2012-11-20,29089,47
2012-11-21,31257,44
2012-11-23,14378,47
2012-11-24,26492,44
2012-11-25,12697,42
2012-11-26,28486,42
2012-11-27,23790,41
2012-11-28,21559,42
2012-11-29,23049,50
2012-11-30,15511,52
2012-12-01,30386,52
2012-12-02,12407,46
2012-12-03,26424,47
2012-12-04,23561,50
2012-12-05,22696,45
2012-12-06,21459,44
2012-12-07,14175,42
2012-12-08,26571,40
2012-12-09,10273,41
2012-12-10,25326,44
2012-12-11,22482,44
2012-12-12,20587,43
2012-12-13,20627,42
2012-12-14,13072,40
2012-12-15,25825,36
2012-12-16,10078,47
2012-12-17,26446,42
2012-12-18,22353,36
2012-12-19,19671,40
2012-12-20,23502,38
2012-12-21,15955,38
2012-12-22,27326,44
2012-12-23,11730,42
2012-12-26,26854,42
2012-12-27,23318,44
2012-12-28,15996,44
2012-12-29,25460,41
2012-12-30,10587,38
2012-12-31,23514,36
2013-01-02,30070,37
2013-01-03,25915,36
2013-01-04,18758,45
2013-01-05,32046,44
2013-01-06,17000,42
2013-01-07,27205,46
2013-01-08,23147,48
2013-01-09,24782,44
2013-01-10,24782,34
2013-01-11,18658,32
2013-01-12,32090,32
2013-01-13,18258,30
2013-01-14,26724,34
2013-01-15,23392,40
2013-01-16,24491,36
2013-01-17,23695,32
2013-01-18,17041,36
2013-01-19,30304,35
2013-01-20,19193,37
2013-01-21,3,34
2013-01-22,29588,34
2013-01-23,23987,41
2013-01-24,24272,42
2013-01-25,17828,48
2013-01-26,32440,44
2013-01-27,19995,42
2013-01-28,25345,42
2013-01-29,22819,46
2013-01-30,23123,48
2013-01-31,23528,49
2013-02-01,19347,48
2013-02-02,30544,42
2013-02-03,16016,44
2013-02-04,26125,48
2013-02-05,23249,48
2013-02-06,23790,48
2013-02-07,22645,46
2013-02-08,16110,42
2013-02-09,30539,44
2013-02-10,18431,42
2013-02-11,25321,44
2013-02-12,22554,49
2013-02-13,22377,48
2013-02-14,23373,48
2013-02-15,18182,48
2013-02-16,29549,46
2013-02-17,18491,44
2013-02-19,30244,45
2013-02-20,24300,41
2013-02-21,24205,44
2013-02-22,17222,44
2013-02-23,30174,45
2013-02-24,18684,45
2013-02-25,26590,46
2013-02-26,22933,44
2013-02-27,22146,46
2013-02-28,23248,49
2013-03-01,18132,56
2013-03-02,30620,50
2013-03-03,18813,42
2013-03-04,25747,45
2013-03-05,23513,46
2013-03-06,22677,44
2013-03-07,23840,48
2013-03-08,16588,45
2013-03-09,27531,44
2013-03-10,18443,44
2013-03-11,25017,48
2013-03-12,23885,54
2013-03-13,23080,53
2013-03-14,23606,52
2013-03-15,17228,54
2013-03-16,28601,46
2013-03-17,17036,44
2013-03-18,25699,48
2013-03-19,22956,46
2013-03-20,23826,47
2013-03-21,23319,42
2013-03-22,17023,42
2013-03-23,27549,42
2013-03-24,17554,44
2013-03-25,24729,49
2013-03-26,21792,54
2013-03-27,22295,52
2013-03-28,22034,54
2013-03-29,14901,55
2013-03-30,23837,56
2013-03-31,9178,56
2013-04-01,26951,55
2013-04-02,24994,54
2013-04-03,22262,55
2013-04-04,21674,56
2013-04-05,18015,54
2013-04-06,28328,50
2013-04-07,18781,44
2013-04-08,25334,50
2013-04-09,23229,49
2013-04-10,23452,54
2013-04-11,24062,50
2013-04-12,17673,44
2013-04-13,28691,45
2013-04-14,16667,46
2013-04-15,25877,48
2013-04-16,22730,47
2013-04-17,22028,49
2013-04-18,22768,49
2013-04-19,16767,52
2013-04-20,27222,52
2013-04-21,17784,50
2013-04-22,24849,51
2013-04-23,21715,50
2013-04-24,19472,54
2013-04-25,20973,60
2013-04-26,15531,58
2013-04-27,27999,55
2013-04-28,17108,54
2013-04-29,25993,50
2013-04-30,22073,48
2013-05-01,21131,51
2013-05-02,20851,57
2013-05-03,14248,61
2013-05-04,22051,66
2013-05-05,13303,70
2013-05-06,23644,70
2013-05-07,21340,62
2013-05-08,21880,60
2013-05-09,21585,62
2013-05-10,13411,66
2013-05-11,22777,68
2013-05-12,14965,66
2013-05-13,26404,59
2013-05-14,22193,55
2013-05-15,22833,56
2013-05-16,21295,62
2013-05-17,15850,60
2013-05-18,26025,58
2013-05-19,15918,60
2013-05-20,25170,60
2013-05-21,22644,54
2013-05-22,23365,50
2013-05-23,24751,52
2013-05-24,18134,56
2013-05-25,24880,58
2013-05-26,16185,58
2013-05-28,30247,58
2013-05-29,23900,57
2013-05-30,23202,56
2013-05-31,15582,60
2013-06-01,25973,64
2013-06-02,15419,62
2013-06-03,25316,63
2013-06-04,20854,66
2013-06-05,21547,68
2013-06-06,21433,68
2013-06-07,16948,62
2013-06-08,27011,62
2013-06-09,16924,62
2013-06-10,25406,62
2013-06-11,23716,60
2013-06-12,22755,62
2013-06-13,22635,62
2013-06-14,16794,60
2013-06-15,25433,64
2013-06-16,14616,66
2013-06-17,31053,68
2013-06-18,26192,65
2013-06-19,28304,60
2013-06-20,27914,60
2013-06-21,18270,62
2013-06-22,21456,66
2013-06-23,18254,67
2013-06-24,32049,64
2013-06-25,24701,66
2013-06-26,26739,66
2013-06-27,26331,68
2013-06-28,16411,74
2013-06-29,23901,76
2013-06-30,13237,78
2013-07-01,27055,80
2013-07-02,25948,72
2013-07-03,28550,70
2013-07-05,19210,67
2013-07-06,24225,68
2013-07-07,17688,68
2013-07-08,29642,68
2013-07-09,24602,72
2013-07-10,24897,66
2013-07-11,25201,64
2013-07-12,16697,62
2013-07-13,23587,65
2013-07-14,15511,70
2013-07-15,29387,70
2013-07-16,24464,75
2013-07-17,26494,68
2013-07-18,24876,69
2013-07-19,16828,70
2013-07-20,24350,67
2013-07-21,15391,67
2013-07-22,29202,68
2013-07-23,23771,70
2013-07-24,23023,72
2013-07-25,23573,72
2013-07-26,16336,74
2013-07-27,24001,68
2013-07-28,16336,62
2013-07-29,27659,67
2013-07-30,24010,68
2013-07-31,24925,64
2013-08-01,24804,63
2013-08-02,16540,62
2013-08-03,24411,68
2013-08-04,14966,70
2013-08-05,26760,73
2013-08-06,22809,74
2013-08-07,22496,74
2013-08-08,23481,71
2013-08-09,16480,72
2013-08-10,23604,68
2013-08-11,15358,68
2013-08-12,28063,70
2013-08-13,23562,71
2013-08-14,24380,72
2013-08-15,26924,69
2013-08-16,16785,74
2013-08-17,23832,71
2013-08-18,15236,70
2013-08-19,28117,72
2013-08-20,23555,68
2013-08-21,23585,69
2013-08-22,22751,72
2013-08-23,16233,68
2013-08-24,24591,69
2013-08-25,15535,67
2013-08-26,28609,70
2013-08-27,24383,72
2013-08-28,24310,71
2013-08-29,24563,72
2013-08-30,17032,71
2013-08-31,23186,69
2013-09-01,14621,72
2013-09-03,33459,70
2013-09-04,23636,67
2013-09-05,23217,65
2013-09-06,16916,68
2013-09-07,28465,68
2013-09-08,16100,70
2013-09-09,25758,68
2013-09-10,22335,68
2013-09-11,21308,76
2013-09-12,22696,70
2013-09-13,16455,64
2013-09-14,26435,66
2013-09-15,17029,64
2013-09-16,26595,66
2013-09-17,23130,62
2013-09-18,22455,64
2013-09-19,22220,66
2013-09-20,15624,64
2013-09-21,26891,64
2013-09-22,15725,60
2013-09-23,25701,59
2013-09-24,22020,58
2013-09-25,23213,56
2013-09-26,21285,54
2013-09-27,15973,56
2013-09-28,24970,59
2013-09-29,17899,56
2013-09-30,25402,55
2013-10-01,23844,54
2013-10-02,2,53
2013-10-03,27094,52
2013-10-04,16772,53
2013-10-05,25568,56
2013-10-06,16383,58
2013-10-07,27735,58
2013-10-08,22278,52
2013-10-09,21278,49
2013-10-10,22205,53
2013-10-11,18725,54
2013-10-12,27216,52
2013-10-13,15568,52
2013-10-14,25175,50
2013-10-15,22363,52
2013-10-16,22843,50
2013-10-17,21755,52
2013-10-18,15602,50
2013-10-19,26024,48
2013-10-20,16392,50
2013-10-21,25973,50
2013-10-22,21607,51
2013-10-23,20360,52
2013-10-24,20793,48
2013-10-25,15505,49
2013-10-26,26472,49
2013-10-27,16542,52
2013-10-28,25091,52
2013-10-29,21141,46
2013-10-30,20937,48
2013-10-31,17887,53
2013-11-01,16612,58
2013-11-02,27996,52
2013-11-03,17286,46
2013-11-04,25930,44
2013-11-05,22839,50
2013-11-06,22509,50
2013-11-07,22114,52
2013-11-08,15409,50
2013-11-09,31474,46
2013-11-10,20323,50
2013-11-12,29783,54
2013-11-13,23155,54
2013-11-14,22357,48
2013-11-15,13689,48
2013-11-16,30083,44
2013-11-17,18789,49
2013-11-18,24750,51
2013-11-19,23123,49
2013-11-20,22228,42
2013-11-21,22318,40
2013-11-22,15225,40
2013-11-23,31776,40
2013-11-24,18567,40
2013-11-25,27333,44
2013-11-26,25618,44
2013-11-27,27879,47
2013-11-29,12750,44
2013-11-30,26057,49
2013-12-01,17585,52
2013-12-02,23707,42
2013-12-03,21785,36
2013-12-04,20848,32
2013-12-05,20653,30
2013-12-06,15517,31
2013-12-07,27687,25
2013-12-08,15567,26
2013-12-09,25571,28
2013-12-10,21552,37
2013-12-11,20986,35
2013-12-12,19244,38
2013-12-13,15120,46
2013-12-14,25117,47
2013-12-15,15434,50
2013-12-16,24150,46
2013-12-17,20296,44
2013-12-18,21559,42
2013-12-19,20871,36
2013-12-20,13058,39
2013-12-21,23733,45
2013-12-22,12896,49
2013-12-23,27128,50
2013-12-26,24107,39
2013-12-27,15511,40
2013-12-28,23218,42
2013-12-29,12435,42
2013-12-30,26410,42
2013-12-31,21419,44
2014-01-01,2,44
2014-01-02,29438,48
2014-01-03,19147,44
2014-01-04,29807,40
2014-01-05,17612,38
2014-01-06,26835,37
2014-01-07,21732,44
2014-01-08,21632,48
2014-01-09,23992,46
2014-01-10,17690,49
2014-01-11,25003,52
2014-01-12,21069,48
2014-01-13,27519,52
2014-01-14,21787,50
2014-01-15,22756,48
2014-01-16,23334,44
2014-01-17,17016,42
2014-01-18,30174,40
2014-01-19,15803,40
2014-01-20,2,42
2014-01-21,31158,41
2014-01-22,23816,48
2014-01-23,22995,46
2014-01-24,15539,42
2014-01-25,28249,44
2014-01-26,18498,40
2014-01-27,25912,40
2014-01-28,21872,48
2014-01-29,21589,50
2014-01-30,23436,46
2014-01-31,17404,44
2014-02-01,27965,42
2014-02-02,11575,40
2014-02-03,24000,38
2014-02-04,22451,32
2014-02-05,19041,26
2014-02-06,21537,26
2014-02-07,16325,31
2014-02-08,28456,38
2014-02-09,12884,36
2014-02-10,24332,44
2014-02-11,20973,49
2014-02-12,22660,50
2014-02-13,20534,50
2014-02-14,15670,48
2014-02-15,28169,44
2014-02-16,18742,44
2014-02-18,30452,46
2014-02-19,23983,44
2014-02-20,23889,47
2014-02-21,16422,42
2014-02-22,28621,40
2014-02-23,18184,42
2014-02-24,25186,42
2014-02-25,22652,46
2014-02-26,22431,49
2014-02-27,22026,50
2014-02-28,15768,50
2014-03-01,28453,44
2014-03-02,17600,44
2014-03-03,26419,52
2014-03-04,23521,50
2014-03-05,22660,55
2014-03-06,22607,54
2014-03-07,15943,54
2014-03-08,26956,50
2014-03-09,17277,55
2014-03-10,25537,50
2014-03-11,22163,50
2014-03-12,20572,49
2014-03-13,21294,50
2014-03-14,15898,54
2014-03-15,26827,53
2014-03-16,16538,49
2014-03-17,25354,46
2014-03-18,22424,46
2014-03-19,22973,48
2014-03-20,21930,44
2014-03-21,15200,46
2014-03-22,24610,44
2014-03-23,12249,50
2014-03-24,19393,56
2014-03-25,14009,54
2014-03-26,6746,48
2014-03-27,10254,50
2014-03-28,16091,50
2014-03-29,27641,50
2014-03-30,17560,50
2014-03-31,24596,48
2014-04-01,20945,52
2014-04-02,21190,52
2014-04-03,21477,51
2014-04-04,15596,51
2014-04-05,26792,52
2014-04-06,16411,55
2014-04-07,22541,62
2014-04-08,20219,56
2014-04-09,22508,51
2014-04-10,22382,52
2014-04-11,15445,54
2014-04-12,24278,54
2014-04-13,13377,58
2014-04-14,24292,56
2014-04-15,21638,54
2014-04-16,22694,52
2014-04-17,21739,52
2014-04-18,15566,52
2014-04-19,23836,50
2014-04-20,9118,52
2014-04-21,25650,56
2014-04-22,22292,50
2014-04-23,22814,50
2014-04-24,22489,54
2014-04-25,14773,52
2014-04-26,24138,52
2014-04-27,17347,50
2014-04-28,24458,52
2014-04-29,19533,64
2014-04-30,18184,68
2014-05-01,18291,71
2014-05-02,14837,63
2014-05-03,25593,56
2014-05-04,16982,56
2014-05-05,26049,56
2014-05-06,21705,57
2014-05-07,19585,56
2014-05-08,20851,54
2014-05-09,16085,52
2014-05-10,24588,54
2014-05-11,12625,57
2014-05-12,23375,65
2014-05-13,19051,70
2014-05-14,19294,70
2014-05-15,19532,72
2014-05-16,14087,62
2014-05-17,23028,62
2014-05-18,15603,60
2014-05-19,25147,62
2014-05-20,20917,64
2014-05-21,21104,62
2014-05-22,21160,66
2014-05-23,16934,64
2014-05-24,23675,60
2014-05-25,16391,58
2014-05-27,28365,61
2014-05-28,22307,60
2014-05-29,22067,60
2014-05-30,14349,60
2014-05-31,23798,63
2014-06-01,15282,64
2014-06-02,24235,65
2014-06-03,22838,60
2014-06-04,22493,60
2014-06-05,20307,64
2014-06-06,14332,65
2014-06-07,22798,66
2014-06-08,14248,66
2014-06-09,24955,62
2014-06-10,22074,60
2014-06-11,20892,65
2014-06-12,21051,64
2014-06-13,15738,59
2014-06-14,24087,60
2014-06-15,14764,58
2014-06-16,26054,58
2014-06-17,22958,58
2014-06-18,22098,62
2014-06-19,21834,66
2014-06-20,18092,62
2014-06-21,20602,62
2014-06-22,13581,66
2014-06-23,28983,70
2014-06-24,24442,68
2014-06-25,23911,70
2014-06-26,23500,68
2014-06-27,16946,66
2014-06-28,24654,65
2014-06-29,14081,64
2014-06-30,26339,66
2014-07-01,20297,76
2014-07-02,25328,73
2014-07-03,27399,66
2014-07-05,22987,68
2014-07-06,13542,74
2014-07-07,27639,74
2014-07-08,21413,74
2014-07-09,22523,72
2014-07-10,23152,70
2014-07-11,15512,74
2014-07-12,22033,77
2014-07-13,14299,74
2014-07-14,29801,74
2014-07-15,23141,74
2014-07-16,22726,75
2014-07-17,24606,70
2014-07-18,15392,66
2014-07-19,23712,71
2014-07-20,16467,63
2014-07-21,27605,68
2014-07-22,24318,66
2014-07-23,23038,63
2014-07-24,24737,63
2014-07-25,16398,65
2014-07-26,22478,70
2014-07-27,13968,72
2014-07-28,26281,74
2014-07-29,21351,74
2014-07-30,21425,74
2014-07-31,21593,75
2014-08-01,15735,73
2014-08-02,21737,73
2014-08-03,13907,74
2014-08-04,26223,77
2014-08-05,22880,70
2014-08-06,22095,72
2014-08-07,21709,70
2014-08-08,15705,70
2014-08-09,21875,72
2014-08-10,13360,72
2014-08-11,24678,80
2014-08-12,25042,75
2014-08-13,24102,68
2014-08-14,23011,67
2014-08-15,15945,70
2014-08-16,21854,71
2014-08-17,14090,71
2014-08-18,25851,74
2014-08-19,22242,74
2014-08-20,23464,66
2014-08-21,23003,64
2014-08-22,15417,68
2014-08-23,21408,72
2014-08-24,14022,68
2014-08-25,24450,71
2014-08-26,21873,76
2014-08-27,21312,76
2014-08-28,22108,68
2014-08-29,16014,66
2014-08-30,23834,65
2014-08-31,15149,66
2014-09-02,31444,64
2014-09-03,22719,64
2014-09-04,19796,64
2014-09-05,14031,72
2014-09-06,23891,74
2014-09-07,16231,72
2014-09-08,26891,66
2014-09-09,22134,66
2014-09-10,21659,64
2014-09-11,21154,66
2014-09-12,14500,65
2014-09-13,22948,68
2014-09-14,13698,67
2014-09-15,23238,70
2014-09-16,21434,68
2014-09-17,21352,68
2014-09-18,21196,66
2014-09-19,14063,70
2014-09-20,24224,66
2014-09-21,13236,70
2014-09-22,25152,68
2014-09-23,21377,65
2014-09-24,19473,65
2014-09-25,20812,66
2014-09-26,16157,64
2014-09-27,24480,63
2014-09-28,15723,62
2014-09-29,23559,58
2014-09-30,21923,62
2014-10-01,18897,62
2014-10-02,16603,61
2014-10-03,16197,61
2014-10-04,25199,64
2014-10-05,15346,64
2014-10-06,22464,68
2014-10-07,21047,62
2014-10-08,19043,62
2014-10-09,17984,60
2014-10-10,17498,58
2014-10-11,26104,60
2014-10-12,14637,60
2014-10-13,23987,62
2014-10-14,22023,59
2014-10-15,21840,58
2014-10-16,20817,61
2014-10-17,14509,60
2014-10-18,25696,64
2014-10-19,14062,64
2014-10-20,23645,60
2014-10-21,19964,58
2014-10-22,19229,58
2014-10-23,20983,55
2014-10-24,14584,56
2014-10-25,24784,58
2014-10-26,16285,52
2014-10-27,24073,54
2014-10-28,21043,56
2014-10-29,20744,59
2014-10-30,18366,58
2014-10-31,11925,54
2014-11-01,27408,52
2014-11-02,15880,51
2014-11-03,24705,58
2014-11-04,21677,58
2014-11-05,20770,57
2014-11-06,20279,60
2014-11-07,15671,52
2014-11-08,24446,48
2014-11-09,15601,52
2014-11-10,26699,48
2014-11-11,1,42
2014-11-12,26276,39
2014-11-13,21201,40
2014-11-14,16080,38
2014-11-15,25971,38
2014-11-16,17005,39
2014-11-17,24248,41
2014-11-18,20511,39
2014-11-19,22741,44
2014-11-20,20830,49
2014-11-21,13892,52
2014-11-22,28172,48
2014-11-23,15271,50
2014-11-24,25482,47
2014-11-25,23074,56
2014-11-26,27712,59
2014-12-14,12785,47
2014-12-15,22398,48
2014-12-16,19434,48
2014-12-17,19880,48
2014-12-18,18037,48
2014-12-19,15336,50
2014-12-20,24205,52
2014-12-21,14157,55
2014-12-22,23418,48
2014-12-23,22954,48
2014-12-26,17298,42
2014-12-27,22943,47
2014-12-28,11486,44
2014-12-29,24402,42
2014-12-30,21813,34
2014-12-31,19285,34
2015-01-02,21827,38
2015-01-03,27646,38
2015-01-04,16913,48
2015-01-05,24025,56
2015-01-06,21120,50
2015-01-07,21563,47
2015-01-08,21410,44
2015-01-09,15578,44
2015-01-10,27007,46
2015-01-11,18283,48
2015-01-12,25473,49
2015-01-13,21308,44
2015-01-14,21147,42
2015-01-15,20202,41
2015-01-16,15104,50
2015-01-17,26724,46
2015-01-18,11991,54
2015-01-20,28483,46
2015-01-21,20937,40
2015-01-22,19839,48
