"State_Name","Year","month","sa_no","DelimID","AC_No","Position","Cand1","Sex1","Party1","Votes1","Age","Caste","Valid_Votes","Electors","AC_Name","AC_Type","District_Name","Sub_Region","N_Cand","Turnout","Vote_Sh","Deposit_Lost","Margin","Margin_Percent","Jati","Caste_Rec","Rel","New.Caste","Old_Jati"
"Jammu_&_Kashmir",1962,2,1,1,19,1,"PIR JAMAT ALI SHAH","M","NC",0,NA,NA,0,43930,"MENDHAR","GEN",NA,NA,1,0,NA,"no",0,NA,NA,NA,NA,NA,NA
"Jammu_&_Kashmir",1962,2,1,1,31,1,"SHAMAS - UD- DIN","M","NC",0,NA,NA,0,23746,"ANANTNAG","GEN",NA,NA,1,0,NA,"no",0,NA,NA,NA,NA,NA,NA
"Jammu_&_Kashmir",1962,2,1,1,32,1,"MANOHAR NATH KAUL","M","NC",0,NA,NA,0,23229,"KOTHAR","GEN",NA,NA,1,0,NA,"no",0,NA,NA,NA,NA,NA,NA
"Jammu_&_Kashmir",1962,2,1,1,33,1,"NIZAM - UD- DIN","M","NC",0,NA,NA,0,21629,"NAUBUG BRANG VALLY","GEN",NA,NA,1,0,NA,"no",0,NA,NA,NA,NA,NA,NA
"Jammu_&_Kashmir",1962,2,1,1,34,1,"MIR QASIM","M","NC",0,NA,NA,0,22901,"DORU SHAHBAD","GEN",NA,NA,1,0,NA,"no",0,NA,NA,NA,NA,NA,NA
"Jammu_&_Kashmir",1962,2,1,1,35,1,"NOOR - UD - DIN - DAR","M","NC",0,NA,NA,0,24576,"KHOWARPARA","GEN",NA,NA,1,0,NA,"no",0,NA,NA,NA,NA,NA,NA
"Jammu_&_Kashmir",1962,2,1,1,36,1,"MOHAMMAD SYED","M","NC",0,NA,NA,0,18126,"DACHHINPORA","GEN",NA,NA,1,0,NA,"no",0,NA,NA,NA,NA,NA,NA
"Jammu_&_Kashmir",1962,2,1,1,37,1,"ABDUL AZIZ ZARGAR","M","NC",0,NA,NA,0,24243,"DEVASAR","GEN",NA,NA,1,0,NA,"no",0,NA,NA,NA,NA,NA,NA
"Jammu_&_Kashmir",1962,2,1,1,38,1,"MOHD. YAQUB BHAT","M","NC",0,NA,NA,0,24928,"KULGAM","GEN",NA,NA,1,0,NA,"no",0,NA,NA,NA,NA,NA,NA
"Jammu_&_Kashmir",1962,2,1,1,39,1,"ABDUL KABIR WANI","M","NC",0,NA,NA,0,23274,"NANDI","GEN",NA,NA,1,0,NA,"no",0,NA,NA,NA,NA,NA,NA
"Jammu_&_Kashmir",1962,2,1,1,40,1,"GHULAM HUSSAIN KHAN","M","NC",0,NA,NA,0,24594,"NORBAD","GEN",NA,NA,1,0,NA,"no",0,NA,NA,NA,NA,NA,NA
"Jammu_&_Kashmir",1962,2,1,1,41,1,"ABDUL MAJID BANDEY","M","NC",0,NA,NA,0,25376,"SHOPIAN","GEN",NA,NA,1,0,NA,"no",0,NA,NA,NA,NA,NA,NA
"Jammu_&_Kashmir",1962,2,1,1,42,1,"PEERZADA GHULAM JEELANI","M","NC",0,NA,NA,0,26855,"PAMPUR","GEN",NA,NA,1,0,NA,"no",0,NA,NA,NA,NA,NA,NA
"Jammu_&_Kashmir",1962,2,1,1,43,1,"MASTER SANAULLAH SHEIKH","M","NC",0,NA,NA,0,25815,"PULWAMA","GEN",NA,NA,1,0,NA,"no",0,NA,NA,NA,NA,NA,NA
"Jammu_&_Kashmir",1962,2,1,1,44,1,"A.G. TRALI","M","NC",0,NA,NA,0,25441,"TRAL","GEN",NA,NA,1,0,NA,"no",0,NA,NA,NA,NA,NA,NA
"Jammu_&_Kashmir",1962,2,1,1,48,1,"G.M. SADIQ","M","NC",0,NA,NA,0,25169,"TANKIPURA","GEN",NA,NA,1,0,NA,"no",0,NA,NA,NA,NA,NA,NA
"Jammu_&_Kashmir",1962,2,1,1,50,1,"BAKHSHI GHULAM MOHAMMAD","M","NC",0,NA,NA,0,17728,"SAFA KADAL","GEN",NA,NA,1,0,NA,"no",0,NA,NA,NA,NA,NA,NA
"Jammu_&_Kashmir",1962,2,1,1,52,1,"MAIN NIZAM UD-DIN","M","NC",0,NA,NA,0,23907,"KANGAN","GEN",NA,NA,1,0,NA,"no",0,NA,NA,NA,NA,NA,NA
"Jammu_&_Kashmir",1962,2,1,1,53,1,"ABDUL SALAM AITU","M","NC",0,NA,NA,0,26165,"GANDERBAL","GEN",NA,NA,1,0,NA,"no",0,NA,NA,NA,NA,NA,NA
"Jammu_&_Kashmir",1962,2,1,1,54,1,"MOHD. YAHYA SIDIQI","M","NC",0,NA,NA,0,27198,"HAZARATBAL","GEN",NA,NA,1,0,NA,"no",0,NA,NA,NA,NA,NA,NA
"Jammu_&_Kashmir",1962,2,1,1,55,1,"SYED ABDUL QUDUS AZAD","M","NC",0,NA,NA,0,25067,"BIRWA","GEN",NA,NA,1,0,NA,"no",0,NA,NA,NA,NA,NA,NA
"Jammu_&_Kashmir",1962,2,1,1,59,1,"BAKSHI ABDUL RASHID","M","NC",0,NA,NA,0,23683,"CHAR I SHARIFF","GEN",NA,NA,1,0,NA,"no",0,NA,NA,NA,NA,NA,NA
"Jammu_&_Kashmir",1962,2,1,1,61,1,"MOHAMMAD AKBAR","M","NC",0,NA,NA,0,21088,"TANGAMARG","GEN",NA,NA,1,0,NA,"no",0,NA,NA,NA,NA,NA,NA
"Jammu_&_Kashmir",1962,2,1,1,62,1,"SYED ABBAS","M","NC",0,NA,NA,0,22263,"MAGAM","GEN",NA,NA,1,0,NA,"no",0,NA,NA,NA,NA,NA,NA
"Jammu_&_Kashmir",1962,2,1,1,63,1,"GHULAM MOHAMMAD BHAT ZALIB","M","NC",0,NA,NA,0,23717,"PATTAN","GEN",NA,NA,1,0,NA,"no",0,NA,NA,NA,NA,NA,NA
"Jammu_&_Kashmir",1962,2,1,1,64,1,"ABDUL GHANI MALIK","M","NC",0,NA,NA,0,24481,"SOPORE","GEN",NA,NA,1,0,NA,"no",0,NA,NA,NA,NA,NA,NA
"Jammu_&_Kashmir",1962,2,1,1,65,1,"GHULAM RASUL KAR","M","NC",0,NA,NA,0,26461,"RAFIABAD","GEN",NA,NA,1,0,NA,"no",0,NA,NA,NA,NA,NA,NA
"Jammu_&_Kashmir",1962,2,1,1,67,1,"ABDUL KHALIQ BHAT","M","NC",0,NA,NA,0,23534,"SONAWARI","GEN",NA,NA,1,0,NA,"no",0,NA,NA,NA,NA,NA,NA
"Jammu_&_Kashmir",1962,2,1,1,69,1,"MOHD. SULTAN TANTERY","M","NC",0,NA,NA,0,22512,"DRUGMULLA","GEN",NA,NA,1,0,NA,"no",0,NA,NA,NA,NA,NA,NA
"Jammu_&_Kashmir",1962,2,1,1,70,1,"GHULAM NABI WANI","M","NC",0,NA,NA,0,24790,"LOLAB","GEN",NA,NA,1,0,NA,"no",0,NA,NA,NA,NA,NA,NA
"Jammu_&_Kashmir",1962,2,1,1,71,1,"GHULAM MOHAMMAD WANI","M","NC",0,NA,NA,0,21088,"RAMHAL","GEN",NA,NA,1,0,NA,"no",0,NA,NA,NA,NA,NA,NA
"Jammu_&_Kashmir",1962,2,1,1,72,1,"MOHD. YUNIS KHAN","M","NC",0,NA,NA,0,22019,"KARNAH","GEN",NA,NA,1,0,NA,"no",0,NA,NA,NA,NA,NA,NA
"Jammu_&_Kashmir",1962,2,1,1,73,1,"MOHD. AFZAL KHAN RAJA","M","NC",0,NA,NA,0,20689,"URI","GEN",NA,NA,1,0,NA,"no",0,NA,NA,NA,NA,NA,NA
"Jammu_&_Kashmir",1962,2,1,1,75,1,"AGHA SAYAD IBRAHIM SHAH","M","NC",0,NA,NA,0,22010,"KARGIL","GEN",NA,NA,1,0,NA,"no",0,NA,NA,NA,NA,NA,NA
"Jammu_&_Kashmir",1967,2,2,2,1,1,"M. YOUNAS","M","INC",0,NA,NA,0,29430,"KARNAH","GEN",NA,NA,1,0,NA,"no",0,NA,NA,NA,NA,NA,NA
"Jammu_&_Kashmir",1967,2,2,2,2,1,"M. S. TANTRAY","M","INC",0,NA,NA,0,23576,"KUPWARA","GEN",NA,NA,1,0,NA,"no",0,NA,NA,NA,NA,NA,NA
"Jammu_&_Kashmir",1967,2,2,2,3,1,"G. N. WANI","M","INC",0,NA,NA,0,26060,"LOLAB","GEN",NA,NA,1,0,NA,"no",0,NA,NA,NA,NA,NA,NA
"Jammu_&_Kashmir",1967,2,2,2,5,1,"A. G. LONE","M","INC",0,NA,NA,0,28800,"HANDWARA","GEN",NA,NA,1,0,NA,"no",0,NA,NA,NA,NA,NA,NA
"Jammu_&_Kashmir",1967,2,2,2,13,1,"M. M. KHAN","M","INC",0,NA,NA,0,23068,"URI","GEN",NA,NA,1,0,NA,"no",0,NA,NA,NA,NA,NA,NA
"Jammu_&_Kashmir",1967,2,2,2,14,1,"M. B. AHMAD","M","INC",0,NA,NA,0,25997,"KANGAN","GEN",NA,NA,1,0,NA,"no",0,NA,NA,NA,NA,NA,NA
"Jammu_&_Kashmir",1967,2,2,2,15,1,"M. M. BHAT","M","INC",0,NA,NA,0,24647,"GANDERBAL","GEN",NA,NA,1,0,NA,"no",0,NA,NA,NA,NA,NA,NA
"Jammu_&_Kashmir",1967,2,2,2,23,1,"A. QUDDUS","M","INC",0,NA,NA,0,26429,"BEERWA","GEN",NA,NA,1,0,NA,"no",0,NA,NA,NA,NA,NA,NA
"Jammu_&_Kashmir",1967,2,2,2,24,1,"A. G. NAMTHALI","M","INC",0,NA,NA,0,28558,"KHAN SAHIB","GEN",NA,NA,1,0,NA,"no",0,NA,NA,NA,NA,NA,NA
"Jammu_&_Kashmir",1967,2,2,2,28,1,"G. M. RAJPORI","M","INC",0,NA,NA,0,28190,"RAJPURA","GEN",NA,NA,1,0,NA,"no",0,NA,NA,NA,NA,NA,NA
"Jammu_&_Kashmir",1967,2,2,2,29,1,"M. SONAULLAH","M","INC",0,NA,NA,0,27706,"PULWAMA","GEN",NA,NA,1,0,NA,"no",0,NA,NA,NA,NA,NA,NA
"Jammu_&_Kashmir",1967,2,2,2,33,1,"A. AZIY","M","INC",0,NA,NA,0,29634,"NOORABAD","GEN",NA,NA,1,0,NA,"no",0,NA,NA,NA,NA,NA,NA
"Jammu_&_Kashmir",1967,2,2,2,34,1,"M. N. KOUL","M","INC",0,NA,NA,0,27407,"DEVSAR","GEN",NA,NA,1,0,NA,"no",0,NA,NA,NA,NA,NA,NA
"Jammu_&_Kashmir",1967,2,2,2,35,1,"M. Y. BHAT","M","INC",0,NA,NA,0,28729,"KULGAM","GEN",NA,NA,1,0,NA,"no",0,NA,NA,NA,NA,NA,NA
"Jammu_&_Kashmir",1967,2,2,2,36,1,"A. REHMAN","M","INC",0,NA,NA,0,26438,"NANDI","GEN",NA,NA,1,0,NA,"no",0,NA,NA,NA,NA,NA,NA
"Jammu_&_Kashmir",1967,2,2,2,37,1,"M. LAL","M","INC",0,NA,NA,0,25244,"PAHALGAM","GEN",NA,NA,1,0,NA,"no",0,NA,NA,NA,NA,NA,NA
"Jammu_&_Kashmir",1967,2,2,2,38,1,"M. M. SYEED","M","INC",0,NA,NA,0,25412,"BIJIBEHARA","GEN",NA,NA,1,0,NA,"no",0,NA,NA,NA,NA,NA,NA
"Jammu_&_Kashmir",1967,2,2,2,39,1,"SHAMASUDDIN","M","INC",0,NA,NA,0,22966,"ANANTNAG","GEN",NA,NA,1,0,NA,"no",0,NA,NA,NA,NA,NA,NA
"Jammu_&_Kashmir",1967,2,2,2,40,1,"M. A. KHAN","M","INC",0,NA,NA,0,25026,"KOTHAR","GEN",NA,NA,1,0,NA,"no",0,NA,NA,NA,NA,NA,NA
"Jammu_&_Kashmir",1967,2,2,2,41,1,"M. QASIM","M","INC",0,NA,NA,0,24817,"VERINAG","GEN",NA,NA,1,0,NA,"no",0,NA,NA,NA,NA,NA,NA
"Jammu_&_Kashmir",1967,2,2,2,42,1,"HASSAN-UD-DIN","M","INC",0,NA,NA,0,24710,"NAUBUG","GEN",NA,NA,1,0,NA,"no",0,NA,NA,NA,NA,NA,NA
"Jammu_&_Kashmir",1967,2,2,2,74,1,"M. ASLAM","M","INC",0,NA,NA,0,39954,"MENDHAR","GEN",NA,NA,1,0,NA,"no",0,NA,NA,NA,NA,NA,NA
"Jammu_&_Kashmir",1972,2,3,2,23,1,"ABDUL KHALIQ MIR","M","INC",0,NA,NA,0,29509,"BEERWA","GEN",NA,NA,1,0,NA,"no",0,NA,NA,NA,NA,NA,NA
"Jammu_&_Kashmir",1972,2,3,2,41,1,"SYED MIR QASIM","M","INC",0,NA,NA,0,26945,"VERINAG","GEN",NA,NA,1,0,NA,"no",0,NA,NA,NA,NA,NA,NA
"Jammu_&_Kashmir",1972,2,3,2,42,1,"PIR HUSAN QASIM","M","INC",0,NA,NA,0,26731,"NAUBUG","GEN",NA,NA,1,0,NA,"no",0,NA,NA,NA,NA,NA,NA
"Jammu_&_Kashmir",1972,2,3,2,44,1,"KACHOO MOHD ALI KHAN","M","INC",0,NA,NA,0,34099,"KARGIL","GEN",NA,NA,1,0,NA,"no",0,NA,NA,NA,NA,NA,NA
"Jammu_&_Kashmir",1972,2,3,2,50,1,"HAJRA BEGUM","F","INC",0,NA,NA,0,25837,"BANIHAL","GEN",NA,NA,1,0,NA,"no",0,NA,NA,NA,NA,NA,NA
"Jammu_&_Kashmir",1983,2,5,3,48,1,"RESULT WHITHHELD BY HIGH COURT OF J AND K","M","IND",0,NA,NA,0,1,"DODA","GEN",NA,NA,1,0,NA,"no",0,NA,NA,NA,NA,NA,NA
"Jammu_&_Kashmir",2002,2,8,3,47,1,"Sonam Wangchuk Narboo","M","IND",NA,NA,NA,NA,12244,"NOBRA","GEN",NA,NA,1,NA,NA,"no",0,NA,NA,NA,NA,NA,NA
"Jammu_&_Kashmir",2002,2,8,3,48,1,"Sh. Nawang RigZin","M","IND",NA,NA,NA,NA,74471,"LEH","GEN",NA,NA,1,NA,NA,"no",0,NA,NA,NA,NA,NA,NA
