"State_Name","Year","month","sa_no","DelimID","AC_No","Position","Cand1","Sex1","Party1","Votes1","Age","Caste","Valid_Votes","Electors","AC_Name","AC_Type","District_Name","Sub_Region","N_Cand","Turnout","Vote_Sh","Deposit_Lost","Margin","Margin_Percent","Jati","Caste_Rec","Rel","New.Caste","Old_Jati"
"Sikkim",2004,2,6,3,2,1,"DAWA NARBU TAKARPA","M","SDF",3509,57,"BL",5372,6365,"TASHIDING","BL",NA,NA,3,84.4,65.32,"no",1731,32.22,NA,NA,NA,NA,NA
"Sikkim",2004,2,6,3,2,2,"SONAM DADUL KAZI","M","INC",1778,32,"BL",5372,6365,"TASHIDING","BL",NA,NA,3,84.4,33.1,"no",1693,31.52,NA,NA,NA,NA,NA
"Sikkim",2004,2,6,3,2,3,"PULLING LEPCHA","M","IND",85,32,"BL",5372,6365,"TASHIDING","BL",NA,NA,3,84.4,1.58,"no",0,0,NA,NA,NA,NA,NA
"Sikkim",2004,2,6,3,6,1,"DAWCHO LEPCHA","M","SDF",5303,33,"BL",6500,7948,"RINCHENPONG","BL",NA,NA,4,81.78,81.58,"no",4242,65.26,NA,NA,NA,NA,NA
"Sikkim",2004,2,6,3,6,2,"PEMA KINZANG BHUTIA","M","INC",1061,31,"BL",6500,7948,"RINCHENPONG","BL",NA,NA,4,81.78,16.32,"no",982,15.11,NA,NA,NA,NA,NA
"Sikkim",2004,2,6,3,6,3,"NIMA SHERPA","M","IND",79,28,"BL",6500,7948,"RINCHENPONG","BL",NA,NA,4,81.78,1.22,"no",22,0.34,NA,NA,NA,NA,NA
"Sikkim",2004,2,6,3,6,4,"PHUR TSH. LEPCHA","M","IND",57,50,"BL",6500,7948,"RINCHENPONG","BL",NA,NA,4,81.78,0.88,"no",0,0,NA,NA,NA,NA,NA
"Sikkim",2004,2,6,3,7,4,"PHUR TSH. LEPCHA","M","IND",51,50,"BL",7098,8435,"CHAKUNG","GEN",NA,NA,4,84.15,0.72,"no",0,0,NA,NA,NA,NA,NA
"Sikkim",2004,2,6,3,11,1,"DORJEE DAZOM BHUTIA","M","SDF",4131,57,"BL",5343,6395,"RALANG","BL",NA,NA,2,83.55,77.32,"no",2919,54.63,NA,NA,NA,NA,NA
"Sikkim",2004,2,6,3,11,2,"CHOZANG BHUTIA","M","INC",1212,42,"BL",5343,6395,"RALANG","BL",NA,NA,2,83.55,22.68,"no",0,0,NA,NA,NA,NA,NA
"Sikkim",2004,2,6,3,20,1,"MINGMA TSHERING SHERPA","M","SDF",4930,56,"BL",7313,8866,"PATHING","BL",NA,NA,3,82.48,67.41,"no",2655,36.31,NA,NA,NA,NA,NA
"Sikkim",2004,2,6,3,20,2,"TSETEN TASHI BHUTIA","M","INC",2275,42,"BL",7313,8866,"PATHING","BL",NA,NA,3,82.48,31.11,"no",2167,29.63,NA,NA,NA,NA,NA
"Sikkim",2004,2,6,3,20,3,"KARSANG SHERPA","M","SHRP",108,30,"BL",7313,8866,"PATHING","BL",NA,NA,3,82.48,1.48,"no",0,0,NA,NA,NA,NA,NA
"Sikkim",2004,2,6,3,23,1,"SONAM GYATSO LEPCHA","M","SDF",3344,39,"BL",5118,5903,"DJONGU","BL",NA,NA,2,86.7,65.34,"no",1570,30.68,NA,NA,NA,NA,NA
"Sikkim",2004,2,6,3,23,2,"SONAM CHYODA LEPCHA","M","INC",1774,46,"BL",5118,5903,"DJONGU","BL",NA,NA,2,86.7,34.66,"no",0,0,NA,NA,NA,NA,NA
"Sikkim",2004,2,6,3,24,1,"HISHEY LACHUNGPA","M","SDF",4906,36,"BL",6493,7713,"LACHEN MANGSHILA","BL",NA,NA,2,84.18,75.56,"no",3319,51.12,NA,NA,NA,NA,NA
"Sikkim",2004,2,6,3,24,2,"ANIL LACHENPA","M","INC",1587,45,"BL",6493,7713,"LACHEN MANGSHILA","BL",NA,NA,2,84.18,24.44,"no",0,0,NA,NA,NA,NA,NA
"Sikkim",2004,2,6,3,26,1,"NORZONG LEPCHA","M","SDF",3809,33,"BL",6158,7602,"RAKDONG TENTEK","BL",NA,NA,3,81,61.85,"no",1693,27.49,NA,NA,NA,NA,NA
"Sikkim",2004,2,6,3,26,2,"PHUCHUNG BHUTIA","M","INC",2116,48,"BL",6158,7602,"RAKDONG TENTEK","BL",NA,NA,3,81,34.36,"no",1883,30.58,NA,NA,NA,NA,NA
"Sikkim",2004,2,6,3,26,3,"NIMA RAPZANG LAMA","M","BJP",233,34,"BL",6158,7602,"RAKDONG TENTEK","BL",NA,NA,3,81,3.78,"no",0,0,NA,NA,NA,NA,NA
"Sikkim",2004,2,6,3,27,1,"DORJEE TSHERING LEPCHA","M","SDF",5668,46,"BL",7614,9316,"MARTAM","BL",NA,NA,2,81.73,74.44,"no",3722,48.88,NA,NA,NA,NA,NA
"Sikkim",2004,2,6,3,27,2,"SONAM TSH. BHUTIA","M","INC",1946,32,"BL",7614,9316,"MARTAM","BL",NA,NA,2,81.73,25.56,"no",0,0,NA,NA,NA,NA,NA
"Sikkim",2004,2,6,3,28,1,"MENLOM LEPCHA","M","SDF",5639,35,"BL",9962,13726,"RUMTEK","BL",NA,NA,2,72.58,56.61,"no",1316,13.21,NA,NA,NA,NA,NA
"Sikkim",2004,2,6,3,28,2,"DELAY NAMGYAL BARFUNGPA","M","INC",4323,39,"BL",9962,13726,"RUMTEK","BL",NA,NA,2,72.58,43.39,"no",0,0,NA,NA,NA,NA,NA
"Sikkim",2004,2,6,3,29,1,"KUNGA ZANGPO BHUTIA","M","SDF",4641,57,"BL",7165,9052,"ASSAM-LINGJEY","BL",NA,NA,3,79.15,64.77,"no",2226,31.07,NA,NA,NA,NA,NA
"Sikkim",2004,2,6,3,29,2,"KUNGA NIMA LEPCHA","M","INC",2415,54,"BL",7165,9052,"ASSAM-LINGJEY","BL",NA,NA,3,79.15,33.71,"no",2306,32.18,NA,NA,NA,NA,NA
"Sikkim",2004,2,6,3,29,3,"LALL BDR. LEPCHA","M","SHRP",109,33,"BL",7165,9052,"ASSAM-LINGJEY","BL",NA,NA,3,79.15,1.52,"no",0,0,NA,NA,NA,NA,NA
"Sikkim",2004,2,6,3,30,1,"NIMTHIT LEPCHA","F","SDF",5083,30,"BL",8430,11258,"RANKA","BL",NA,NA,3,74.88,60.3,"no",1853,21.98,NA,NA,NA,NA,NA
"Sikkim",2004,2,6,3,30,2,"PINTSO CHOPEL LEPCHA","M","INC",3230,38,"BL",8430,11258,"RANKA","BL",NA,NA,3,74.88,38.32,"no",3113,36.93,NA,NA,NA,NA,NA
"Sikkim",2004,2,6,3,30,3,"TASHI TOPGAY BHUTIA","M","SHRP",117,43,"BL",8430,11258,"RANKA","BL",NA,NA,3,74.88,1.39,"no",0,0,NA,NA,NA,NA,NA
"Sikkim",2004,2,6,3,32,1,"TSHERING LAMA","M","INC",675,42,"BL",2088,3117,"SANGHA","GEN",NA,NA,6,66.99,32.33,"no",88,4.21,NA,NA,NA,NA,NA
"Sikkim",2004,2,6,3,32,2,"PALDEN LAMA","M","IND",587,44,"BL",2088,3117,"SANGHA","GEN",NA,NA,6,66.99,28.11,"no",138,6.61,NA,NA,NA,NA,NA
"Sikkim",2004,2,6,3,32,3,"NAMKHA GYALTSE BHUTIA","M","SDF",449,49,"BL",2088,3117,"SANGHA","GEN",NA,NA,6,66.99,21.5,"no",139,6.66,NA,NA,NA,NA,NA
"Sikkim",2004,2,6,3,32,4,"THINLEY GYATSO LEPCHA","M","IND",310,33,"BL",2088,3117,"SANGHA","GEN",NA,NA,6,66.99,14.85,"no",258,12.36,NA,NA,NA,NA,NA
"Sikkim",2004,2,6,3,32,5,"SAMDUP DORJEE LAMA","M","BJP",52,26,"BL",2088,3117,"SANGHA","GEN",NA,NA,6,66.99,2.49,"no",37,1.77,NA,NA,NA,NA,NA
"Sikkim",2004,2,6,3,32,6,"SONAM DORJEE","M","IND",15,34,"BL",2088,3117,"SANGHA","GEN",NA,NA,6,66.99,0.72,"no",0,0,NA,NA,NA,NA,NA
